"PRD_CD","EFF_FROM_YR_MTH","EFF_TO_YR_MTH","PRD_NM","EGL_DEPRTMNT","EGL_TRNST","CRNT_F","INSRT_PROCESS_TMSTMP","UPDT_PROCESS_TMSTMP"
KS30      ,"200010","999912",ScotiaLine - IMA - RE Secured,"10010","00002",Y,2015-01-31-14.08.01.000000,2015-01-31-14.08.01.000000
KS161     ,"201504","202301",Scotiabank GM VISA Card - Regular > $125K,"10210","00002",N,2015-05-05-11.27.25.000000,2023-03-01-00.00.01.000000
KS138     ,"200010","999912",VISA Value - Visa Value Regular - RE Secured,"10210","00002",Y,2015-01-31-14.08.01.000000,2015-01-31-14.08.01.000000
M31       ,"200010","999912",Mortgage Tangerine Guaranty Bulk Insured,"10910","00002",Y,2015-01-31-14.08.01.000000,2015-01-31-14.08.01.000000
KS15      ,"200010","202301",AMEX - Scotiabank Standard AMEX >$125K,"10211","00002",N,2015-01-31-14.08.01.000000,2023-03-01-00.00.01.000000
KS19      ,"202302","999912",AMEX - Scotiabank Standard AMEX Staff >$150K,"10211","00002",Y,2023-03-01-00.00.01.000000,2023-03-01-00.00.01.000000
KS16      ,"202302","999912",AMEX - Scotiabank Standard AMEX - RE Secured >$150K,"10211","00002",Y,2023-03-01-00.00.01.000000,2023-03-01-00.00.01.000000
KS76      ,"200010","999912",VISA Classic - Student Banking Advantage Account plan - RE Secured,"10210","00002",Y,2015-01-31-14.08.01.000000,2015-01-31-14.08.01.000000
KS175     ,"201606","999912",Scotiabank Passport Visa Infinite - Staff,"10210","00002",Y,2017-12-07-13.35.29.000000,2017-12-07-13.35.29.000000
KS25      ,"200010","999912",ScotiaLine - Investment Lending,"10010","00002",Y,2015-01-31-14.08.01.000000,2015-01-31-14.08.01.000000
KS111     ,"200010","999912",VISA Gold - Visa Gold-Regular,"10210","00002",Y,2015-01-31-14.08.01.000000,2015-01-31-14.08.01.000000
S09       ,"200010","999912",Indirect Auto - Regular,"15110","00002",Y,2015-01-31-14.08.01.000000,2015-01-31-14.08.01.000000
KS14      ,"200010","999912",AMEX - Scotiabank Standard AMEX - RE Secured,"10211","00002",Y,2015-01-31-14.08.01.000000,2015-01-31-14.08.01.000000
KS164     ,"201504","999912",Scotiabank GM VISA Infinite Card - No Fee - RE Secured,"10210","00002",Y,2015-05-05-11.27.25.000000,2015-05-05-11.27.25.000000
KS36      ,"200010","202301",ScotiaLine - Regular - RE Secured >$125K,"10010","00002",N,2015-01-31-14.08.01.000000,2023-03-01-00.00.01.000000
KS33      ,"200010","999912",ScotiaLine - Regular,"10010","00002",Y,2015-01-31-14.08.01.000000,2015-01-31-14.08.01.000000
KS174     ,"202302","999912",Scotiabank Passport Visa Infinite - Regular - STEP>$150K,"10210","00002",Y,2023-03-01-00.00.01.000000,2023-03-01-00.00.01.000000
M20       ,"200010","999912",Mortgage Tangerine Genworth Individual Insured,"10910","00002",Y,2015-01-31-14.08.01.000000,2015-01-31-14.08.01.000000
S02       ,"200010","999912",Direct Cash/RRC,"10010","00002",Y,2015-01-31-14.08.01.000000,2015-01-31-14.08.01.000000
KS173     ,"202302","999912",Scotiabank Passport Visa Infinite - Regular>$150K,"10210","00002",Y,2023-03-01-00.00.01.000000,2023-03-01-00.00.01.000000
KS24      ,"202302","999912",ScotiaLine - Cash Secured - RE Secured >$150K,"10010","00002",Y,2023-03-01-00.00.01.000000,2023-03-01-00.00.01.000000
KS61      ,"200010","202301",VISA Classic - Scotia Momentum VISA-Infinite > $125K,"10210","00002",N,2015-01-31-14.08.01.000000,2023-03-01-00.00.01.000000
S01       ,"200010","999912",Direct Auto,"10010","00002",Y,2015-01-31-14.08.01.000000,2015-01-31-14.08.01.000000
M14       ,"200010","999912",Mortgage BNS Guaranty Bulk Insured,"10010","00002",Y,2015-01-31-14.08.01.000000,2015-01-31-14.08.01.000000
KS57      ,"202302","999912",VISA Classic - Corporate Credit > $150K,"10210","00002",Y,2023-03-01-00.00.01.000000,2023-03-01-00.00.01.000000
KS94      ,"200010","202301",VISA Classic - Learn-Student - RE Secured >$125K,"10210","00002",N,2015-01-31-14.08.01.000000,2023-03-01-00.00.01.000000
KS103     ,"200010","999912",VISA Gold - Visa Gold-No Fee,"10210","00002",Y,2015-01-31-14.08.01.000000,2015-01-31-14.08.01.000000
KS128     ,"202302","999912",ScotiaLine Visa - Real Estate Secured >$150K,"10010","00002",Y,2023-03-01-00.00.01.000000,2023-03-01-00.00.01.000000
KS80      ,"200010","999912",VISA Classic - Student Line - RE Secured,"10210","00002",Y,2015-01-31-14.08.01.000000,2015-01-31-14.08.01.000000
KS52      ,"200010","201605",Scotia Student Line - Scotia Professional Student Plan type B,"10010","00002",N,2015-01-31-14.08.01.000000,2016-07-05-15.46.07.000000
KS127     ,"200010","999912",ScotiaLine Visa - Real Estate Secured,"10010","00002",Y,2015-01-31-14.08.01.000000,2015-01-31-14.08.01.000000
KS56      ,"200010","999912",VISA Classic - Corporate Credit - RE Secured,"10210","00002",Y,2015-01-31-14.08.01.000000,2015-01-31-14.08.01.000000
M33       ,"200010","999912",Mortgage Tangerine Genworth Bulk Insured,"10910","00002",Y,2015-01-31-14.08.01.000000,2015-01-31-14.08.01.000000
KS67      ,"200010","999912",VISA Classic - Visa Classic-Scotia Hockey,"10210","00002",Y,2015-01-31-14.08.01.000000,2015-01-31-14.08.01.000000
KS51      ,"200010","201605",Scotia Student Line - Scotia Professional Student Plan type A,"10010","00002",N,2015-01-31-14.08.01.000000,2016-07-05-15.46.07.000000
KS16      ,"200010","202301",AMEX - Scotiabank Standard AMEX - RE Secured >$125K,"10211","00002",N,2015-01-31-14.08.01.000000,2023-03-01-00.00.01.000000
KS19      ,"200010","202301",AMEX - Scotiabank Standard AMEX Staff >$125K,"10211","00002",N,2015-01-31-14.08.01.000000,2023-03-01-00.00.01.000000
KS162     ,"201504","202301",Scotiabank GM VISA Card - Regular - RE Secured >$125K,"10210","00002",N,2015-05-05-11.27.25.000000,2023-03-01-00.00.01.000000
KS163     ,"201504","999912",Scotiabank GM VISA Infinite Card - No Fee,"10210","00002",Y,2015-05-05-11.27.25.000000,2015-05-05-11.27.25.000000
S15       ,"200010","999912",Indirect RV,"15110","00002",Y,2015-01-31-14.08.01.000000,2015-01-31-14.08.01.000000
KS52      ,"201606","999912",Scotia Student Line - Scotia Professional Student Plan type B,"11010","00002",Y,2016-07-05-15.46.07.000000,2016-07-05-15.46.07.000000
KS79      ,"200010","999912",VISA Classic - Student Line,"10210","00002",Y,2015-01-31-14.08.01.000000,2015-01-31-14.08.01.000000
KS57      ,"200010","202301",VISA Classic - Corporate Credit > $125K,"10210","00002",N,2015-01-31-14.08.01.000000,2023-03-01-00.00.01.000000
KS132     ,"202302","999912",VISA Value - Visa Value-No Fee - RE Secured >$150K,"10210","00002",Y,2023-03-01-00.00.01.000000,2023-03-01-00.00.01.000000
KS136     ,"200010","202301",VISA Value - Companion Card - RE Secured >$125K,"10210","00002",N,2015-01-31-14.08.01.000000,2023-03-01-00.00.01.000000
KS97      ,"200010","202301",VISA Classic - Scene-Regular > $125K,"10210","00002",N,2015-01-31-14.08.01.000000,2023-03-01-00.00.01.000000
KS12      ,"202302","999912",AMEX - Scotiabank Platinum AMEX - RE Secured >$150K,"10211","00002",Y,2023-03-01-00.00.01.000000,2023-03-01-00.00.01.000000
KS115     ,"200010","999912",VISA Gold - ScotiaProfessional Plan,"10210","00002",Y,2015-01-31-14.08.01.000000,2015-01-31-14.08.01.000000
KS68      ,"200010","999912",VISA Classic - Visa Classic-Scotia Hockey - RE Secured,"10210","00002",Y,2015-01-31-14.08.01.000000,2015-01-31-14.08.01.000000
M07       ,"200010","999912",Mortgage BNS Genworth Individual Insured,"10010","00002",Y,2015-01-31-14.08.01.000000,2015-01-31-14.08.01.000000
KS165     ,"201504","202301",Scotiabank GM VISA Infinite Card - No Fee > $125K,"10210","00002",N,2015-05-05-11.27.25.000000,2023-03-01-00.00.01.000000
KS139     ,"202302","999912",VISA Value - Visa Value Regular >$150K,"10210","00002",Y,2023-03-01-00.00.01.000000,2023-03-01-00.00.01.000000
KS121     ,"202302","999912",VISA Gold - Visa Gold-Staff >$150K,"10210","00002",Y,2023-03-01-00.00.01.000000,2023-03-01-00.00.01.000000
KS11      ,"202302","999912",AMEX - Scotiabank Platinum AMEX >$150K,"10211","00002",Y,2023-03-01-00.00.01.000000,2023-03-01-00.00.01.000000
KS105     ,"202302","999912",VISA Gold - Visa Gold-No Fee >$150K,"10210","00002",Y,2023-03-01-00.00.01.000000,2023-03-01-00.00.01.000000
KS101     ,"200010","202301",VISA Gold - Visa Gold-BA No Fee >$125K,"10210","00002",N,2015-01-31-14.08.01.000000,2023-03-01-00.00.01.000000
KS176     ,"201606","999912",Scotiabank Passport Visa Infinite - Staff - STEP,"10210","00002",Y,2017-12-07-13.35.29.000000,2017-12-07-13.35.29.000000
KS135     ,"200010","202301",VISA Value - Companion Card >$125K,"10210","00002",N,2015-01-31-14.08.01.000000,2023-03-01-00.00.01.000000
KS54      ,"202302","999912",Scotia Student Line - Scotia Student Line type B  >$150K,"10010","00002",Y,2023-03-01-00.00.01.000000,2023-03-01-00.00.01.000000
KS17      ,"200010","999912",AMEX - Scotiabank Standard AMEX Staff,"10211","00002",Y,2015-01-31-14.08.01.000000,2015-01-31-14.08.01.000000
KS27      ,"200010","202301",ScotiaLine - Investment Lending > $125K,"10010","00002",N,2015-01-31-14.08.01.000000,2023-03-01-00.00.01.000000
KS31      ,"202302","999912",ScotiaLine - IMA > $150K,"10010","00002",Y,2023-03-01-00.00.01.000000,2023-03-01-00.00.01.000000
KS108     ,"200010","999912",VISA Gold - Private Banking - RE Secured,"17510","00002",Y,2015-01-31-14.08.01.000000,2015-01-31-14.08.01.000000
KS113     ,"202302","999912",VISA Gold - Visa Gold-Regular >$150K,"10210","00002",Y,2023-03-01-00.00.01.000000,2023-03-01-00.00.01.000000
KS35      ,"202302","999912",ScotiaLine - Regular > $150K,"10010","00002",Y,2023-03-01-00.00.01.000000,2023-03-01-00.00.01.000000
KS27      ,"202302","999912",ScotiaLine - Investment Lending > $150K,"10010","00002",Y,2023-03-01-00.00.01.000000,2023-03-01-00.00.01.000000
KS71      ,"200010","999912",VISA Classic - Visa Classic-Regular,"10210","00002",Y,2015-01-31-14.08.01.000000,2015-01-31-14.08.01.000000
KS35      ,"200010","202301",ScotiaLine - Regular > $125K,"10010","00002",N,2015-01-31-14.08.01.000000,2023-03-01-00.00.01.000000
KS159     ,"201504","999912",Scotiabank GM VISA Card - Regular,"10210","00002",Y,2015-05-05-11.27.25.000000,2015-05-05-11.27.25.000000
KS82      ,"200010","202301",VISA Classic - Student Line - RE Secured >$125K,"10210","00002",N,2015-01-31-14.08.01.000000,2023-03-01-00.00.01.000000
KS168     ,"201512","999912",Scotiabank More Rewards VISA Card - Regular - RE Secured,"10210","00002",Y,2016-01-15-15.26.27.000000,2016-01-15-15.26.27.000000
M16       ,"200010","999912",Mortgage Tangerine CMHC Individual Insured,"10910","00002",Y,2015-01-31-14.08.01.000000,2015-01-31-14.08.01.000000
KS173     ,"201606","202301",Scotiabank Passport Visa Infinite - Regular>$125K,"10210","00002",N,2017-12-07-13.35.29.000000,2023-03-01-00.00.01.000000
KS166     ,"201504","202301",Scotiabank GM VISA Infinite Card - No Fee - RE Secured >$125K,"10210","00002",N,2015-05-05-11.27.25.000000,2023-03-01-00.00.01.000000
S13       ,"200010","999912",Indirect - Marine,"15110","00002",Y,2015-01-31-14.08.01.000000,2015-01-31-14.08.01.000000
KS53      ,"200010","201605",Scotia Student Line - Scotia Professional Student Plan type A >$125K,"10010","00002",N,2015-01-31-14.08.01.000000,2016-07-05-15.46.07.000000
M08       ,"200010","999912",Mortgage BNS Genworth Bulk Insured,"10010","00002",Y,2015-01-31-14.08.01.000000,2015-01-31-14.08.01.000000
KS125     ,"202302","999912",ScotiaLine Visa - Regular >$150K,"10010","00002",Y,2023-03-01-00.00.01.000000,2023-03-01-00.00.01.000000
M17       ,"200010","999912",Mortgage Tangerine CMHC Bulk Insured,"10910","00002",Y,2015-01-31-14.08.01.000000,2015-01-31-14.08.01.000000
KS05      ,"200010","999912",AMEX - Scotiabank Gold AMEX Staff,"10211","00002",Y,2015-01-31-14.08.01.000000,2015-01-31-14.08.01.000000
M24       ,"200010","999912",Mortgage Tangerine Guaranty Individual Insured,"10910","00002",Y,2015-01-31-14.08.01.000000,2015-01-31-14.08.01.000000
KS92      ,"200010","999912",VISA Classic - Learn-Student - RE Secured,"10210","00002",Y,2015-01-31-14.08.01.000000,2015-01-31-14.08.01.000000
KS78      ,"200010","202301",VISA Classic - Student Banking Advantage Account plan - RE Secured >$125K,"10210","00002",N,2015-01-31-14.08.01.000000,2023-03-01-00.00.01.000000
KS49      ,"200010","202301",Scotia Student Line - Scotia Student Loan type A >$125K,"10010","00002",N,2015-01-31-14.08.01.000000,2023-03-01-00.00.01.000000
KS93      ,"200010","202301",VISA Classic - Learn-Student > $125K,"10210","00002",N,2015-01-31-14.08.01.000000,2023-03-01-00.00.01.000000
KS169     ,"201512","202301",Scotiabank More Rewards VISA Card - Regular > $125K,"10210","00002",N,2016-01-15-15.26.27.000000,2023-03-01-00.00.01.000000
KS54      ,"200010","202301",Scotia Student Line - Scotia Student Line type B  >$125K,"10010","00002",N,2015-01-31-14.08.01.000000,2023-03-01-00.00.01.000000
KS102     ,"202302","999912",VISA Gold - Visa Gold-BA No Fee - RE Secured >$150K,"10210","00002",Y,2023-03-01-00.00.01.000000,2023-03-01-00.00.01.000000
KS77      ,"202302","999912",VISA Classic - Student Banking Advantage Account plan > $150K,"10210","00002",Y,2023-03-01-00.00.01.000000,2023-03-01-00.00.01.000000
KS135     ,"202302","999912",VISA Value - Companion Card >$150K,"10210","00002",Y,2023-03-01-00.00.01.000000,2023-03-01-00.00.01.000000
S08       ,"200010","999912",SPL - STEP,"10010","00002",Y,2015-01-31-14.08.01.000000,2015-01-31-14.08.01.000000
KS77      ,"200010","202301",VISA Classic - Student Banking Advantage Account plan > $125K,"10210","00002",N,2015-01-31-14.08.01.000000,2023-03-01-00.00.01.000000
KS32      ,"200010","202301",ScotiaLine - IMA - RE Secured >$125K,"10010","00002",N,2015-01-31-14.08.01.000000,2023-03-01-00.00.01.000000
KS07      ,"200010","202301",AMEX - Scotiabank Gold AMEX Staff >$125K,"10211","00002",N,2015-01-31-14.08.01.000000,2023-03-01-00.00.01.000000
KS130     ,"200010","999912",VISA Value - Visa Value-No Fee - RE Secured,"10210","00002",Y,2015-01-31-14.08.01.000000,2015-01-31-14.08.01.000000
KS39      ,"200010","202301",ScotiaLine - RRSP Catch-up > $125K,"10010","00002",N,2015-01-31-14.08.01.000000,2023-03-01-00.00.01.000000
KS134     ,"200010","999912",VISA Value - Companion Card - RE Secured,"10210","00002",Y,2015-01-31-14.08.01.000000,2015-01-31-14.08.01.000000
KS86      ,"202302","999912",VISA Classic - Scene-Student - RE Secured >$150K,"10210","00002",Y,2023-03-01-00.00.01.000000,2023-03-01-00.00.01.000000
KS126     ,"202302","999912",ScotiaLine Visa - Regular - RE Secured >$150K,"10010","00002",Y,2023-03-01-00.00.01.000000,2023-03-01-00.00.01.000000
KS69      ,"200010","202301",VISA Classic - Visa Classic-Scotia Hockey > $125K,"10210","00002",N,2015-01-31-14.08.01.000000,2023-03-01-00.00.01.000000
KS84      ,"200010","999912",VISA Classic - Scene-Student - RE Secured,"10210","00002",Y,2015-01-31-14.08.01.000000,2015-01-31-14.08.01.000000
KS66      ,"200010","202301",VISA Classic - Visa Classic-No Fee - RE Secured >$125K,"10210","00002",N,2015-01-31-14.08.01.000000,2023-03-01-00.00.01.000000
KS106     ,"200010","202301",VISA Gold - Visa Gold-No Fee - RE Secured >$125K,"10210","00002",N,2015-01-31-14.08.01.000000,2023-03-01-00.00.01.000000
KS88      ,"200010","999912",VISA Classic - Visa Classic-Staff - RE Secured,"10210","00002",Y,2015-01-31-14.08.01.000000,2015-01-31-14.08.01.000000
S10       ,"200010","999912",Indirect Auto - Rate Subv.,"15110","00002",Y,2015-01-31-14.08.01.000000,2015-01-31-14.08.01.000000
M30       ,"200010","999912",Mortgage Tangerine Guaranty Individual Insured,"10910","00002",Y,2015-01-31-14.08.01.000000,2015-01-31-14.08.01.000000
KS136     ,"202302","999912",VISA Value - Companion Card - RE Secured >$150K,"10210","00002",Y,2023-03-01-00.00.01.000000,2023-03-01-00.00.01.000000
KS21      ,"200010","999912",ScotiaLine - Cash Secured,"10010","00002",Y,2015-01-31-14.08.01.000000,2015-01-31-14.08.01.000000
KS12      ,"200010","202301",AMEX - Scotiabank Platinum AMEX - RE Secured >$125K,"10211","00002",N,2015-01-31-14.08.01.000000,2023-03-01-00.00.01.000000
KS117     ,"200010","202301",VISA Gold - ScotiaProfessional Plan >$125K,"10210","00002",N,2015-01-31-14.08.01.000000,2023-03-01-00.00.01.000000
KS44      ,"200010","999912",Scotia Student Line - Scotia Student Line type B,"10010","00002",Y,2015-01-31-14.08.01.000000,2015-01-31-14.08.01.000000
S05       ,"200010","999912",Direct - Real Estate,"10010","00002",Y,2015-01-31-14.08.01.000000,2015-01-31-14.08.01.000000
KS126     ,"200010","202301",ScotiaLine Visa - Regular - RE Secured >$125K,"10010","00002",N,2015-01-31-14.08.01.000000,2023-03-01-00.00.01.000000
M27       ,"200010","999912",Mortgage Tangerine Guaranty Bulk Insured,"10910","00002",Y,2015-01-31-14.08.01.000000,2015-01-31-14.08.01.000000
KS177     ,"201606","202301",Scotiabank Passport Visa Infinite - Staff>$125K,"10210","00002",N,2017-12-07-13.35.29.000000,2023-03-01-00.00.01.000000
KS73      ,"200010","202301",VISA Classic - Visa Classic-Regular > $125K,"10210","00002",N,2015-01-31-14.08.01.000000,2023-03-01-00.00.01.000000
KS28      ,"200010","202301",ScotiaLine - Investment Lending - RE Secured >$125K,"10010","00002",N,2015-01-31-14.08.01.000000,2023-03-01-00.00.01.000000
KS177     ,"202302","999912",Scotiabank Passport Visa Infinite - Staff>$150K,"10210","00002",Y,2023-03-01-00.00.01.000000,2023-03-01-00.00.01.000000
KS81      ,"202302","999912",VISA Classic - Student Line > $150K,"10210","00002",Y,2023-03-01-00.00.01.000000,2023-03-01-00.00.01.000000
M23       ,"200010","999912",Mortgage Tangerine Genworth Bulk Insured,"10910","00002",Y,2015-01-31-14.08.01.000000,2015-01-31-14.08.01.000000
KS28      ,"202302","999912",ScotiaLine - Investment Lending - RE Secured >$150K,"10010","00002",Y,2023-03-01-00.00.01.000000,2023-03-01-00.00.01.000000
KS98      ,"200010","202301",VISA Classic - Scene-Regular - RE Secured >$125K,"10210","00002",N,2015-01-31-14.08.01.000000,2023-03-01-00.00.01.000000
KS170     ,"202302","999912",Scotiabank More Rewards VISA Card - Regular - RE Secured >$150K,"10210","00002",Y,2023-03-01-00.00.01.000000,2023-03-01-00.00.01.000000
KS72      ,"200010","999912",VISA Classic - Visa Classic-Regular - RE Secured,"10210","00002",Y,2015-01-31-14.08.01.000000,2015-01-31-14.08.01.000000
KS81      ,"200010","202301",VISA Classic - Student Line > $125K,"10210","00002",N,2015-01-31-14.08.01.000000,2023-03-01-00.00.01.000000
KS170     ,"201512","202301",Scotiabank More Rewards VISA Card - Regular - RE Secured >$125K,"10210","00002",N,2016-01-15-15.26.27.000000,2023-03-01-00.00.01.000000
KS11      ,"200010","202301",AMEX - Scotiabank Platinum AMEX >$125K,"10211","00002",N,2015-01-31-14.08.01.000000,2023-03-01-00.00.01.000000
KS121     ,"200010","202301",VISA Gold - Visa Gold-Staff >$125K,"10210","00002",N,2015-01-31-14.08.01.000000,2023-03-01-00.00.01.000000
KS122     ,"202302","999912",VISA Gold - Visa Gold-Staff - RE Secured >$150K,"10210","00002",Y,2023-03-01-00.00.01.000000,2023-03-01-00.00.01.000000
KS99      ,"200010","999912",VISA Gold - Visa Gold-BA No Fee,"10210","00002",Y,2015-01-31-14.08.01.000000,2015-01-31-14.08.01.000000
KS139     ,"200010","202301",VISA Value - Visa Value Regular >$125K,"10210","00002",N,2015-01-31-14.08.01.000000,2023-03-01-00.00.01.000000
KS131     ,"202302","999912",VISA Value - Visa Value-No Fee >$150K,"10210","00002",Y,2023-03-01-00.00.01.000000,2023-03-01-00.00.01.000000
KS18      ,"200010","999912",AMEX - Scotiabank Standard AMEX Staff - RE Secured,"10211","00002",Y,2015-01-31-14.08.01.000000,2015-01-31-14.08.01.000000
KS48      ,"200010","999912",Scotia Student Line - Scotia Student Loan type B,"10010","00002",Y,2015-01-31-14.08.01.000000,2015-01-31-14.08.01.000000
KS131     ,"200010","202301",VISA Value - Visa Value-No Fee >$125K,"10210","00002",N,2015-01-31-14.08.01.000000,2023-03-01-00.00.01.000000
KS133     ,"200010","999912",VISA Value - Companion Card,"10210","00002",Y,2015-01-31-14.08.01.000000,2015-01-31-14.08.01.000000
KS107     ,"200010","999912",VISA Gold - Private Banking,"17510","00002",Y,2015-01-31-14.08.01.000000,2015-01-31-14.08.01.000000
KS116     ,"200010","999912",VISA Gold - ScotiaProfessional Plan - RE Secured,"10210","00002",Y,2015-01-31-14.08.01.000000,2015-01-31-14.08.01.000000
KS105     ,"200010","202301",VISA Gold - Visa Gold-No Fee >$125K,"10210","00002",N,2015-01-31-14.08.01.000000,2023-03-01-00.00.01.000000
KS100     ,"200010","999912",VISA Gold - Visa Gold-BA No Fee - RE Secured,"10210","00002",Y,2015-01-31-14.08.01.000000,2015-01-31-14.08.01.000000
KS124     ,"200010","999912",ScotiaLine Visa - Regular - RE Secured,"10010","00002",Y,2015-01-31-14.08.01.000000,2015-01-31-14.08.01.000000
KS58      ,"200010","202301",VISA Classic - Corporate Credit - RE Secured >$125K,"10210","00002",N,2015-01-31-14.08.01.000000,2023-03-01-00.00.01.000000
KS178     ,"201606","202301",Scotiabank Passport Visa Infinite - Staff - STEP>$125K,"10210","00002",N,2017-12-07-13.35.29.000000,2023-03-01-00.00.01.000000
KS119     ,"200010","999912",VISA Gold - Visa Gold-Staff,"10210","00002",Y,2015-01-31-14.08.01.000000,2015-01-31-14.08.01.000000
KS47      ,"200010","999912",Scotia Student Line - Scotia Student Loan type A,"10010","00002",Y,2015-01-31-14.08.01.000000,2015-01-31-14.08.01.000000
KS74      ,"200010","202301",VISA Classic - Visa Classic-Regular - RE Secured >$125K,"10210","00002",N,2015-01-31-14.08.01.000000,2023-03-01-00.00.01.000000
KS137     ,"200010","999912",VISA Value - Visa Value Regular,"10210","00002",Y,2015-01-31-14.08.01.000000,2015-01-31-14.08.01.000000
KS03      ,"200010","202301",AMEX - Scotiabank Gold AMEX >$125K,"10211","00002",N,2015-01-31-14.08.01.000000,2023-03-01-00.00.01.000000
KS20      ,"200010","202301",AMEX - Scotiabank Standard AMEX Staff - RE Secured >$125K,"10211","00002",N,2015-01-31-14.08.01.000000,2023-03-01-00.00.01.000000
KS104     ,"200010","999912",VISA Gold - Visa Gold-No Fee - RE Secured,"10210","00002",Y,2015-01-31-14.08.01.000000,2015-01-31-14.08.01.000000
KS40      ,"202302","999912",ScotiaLine - RRSP Catch-up - RE Secured >$150K,"10010","00002",Y,2023-03-01-00.00.01.000000,2023-03-01-00.00.01.000000
KS03      ,"202302","999912",AMEX - Scotiabank Gold AMEX >$150K,"10211","00002",Y,2023-03-01-00.00.01.000000,2023-03-01-00.00.01.000000
KS118     ,"202302","999912",VISA Gold - ScotiaProfessional Plan - RE Secured >$150K,"10210","00002",Y,2023-03-01-00.00.01.000000,2023-03-01-00.00.01.000000
KS118     ,"200010","202301",VISA Gold - ScotiaProfessional Plan - RE Secured >$125K,"10210","00002",N,2015-01-31-14.08.01.000000,2023-03-01-00.00.01.000000
KS29      ,"200010","999912",ScotiaLine - IMA,"10010","00002",Y,2015-01-31-14.08.01.000000,2015-01-31-14.08.01.000000
KS40      ,"200010","202301",ScotiaLine - RRSP Catch-up - RE Secured >$125K,"10010","00002",N,2015-01-31-14.08.01.000000,2023-03-01-00.00.01.000000
KS94      ,"202302","999912",VISA Classic - Learn-Student - RE Secured >$150K,"10210","00002",Y,2023-03-01-00.00.01.000000,2023-03-01-00.00.01.000000
KS161     ,"202302","999912",Scotiabank GM VISA Card - Regular > $150K,"10210","00002",Y,2023-03-01-00.00.01.000000,2023-03-01-00.00.01.000000
KS60      ,"200010","999912",VISA Classic - Scotia Momentum VISA-Infinite - RE Secured,"10210","00002",Y,2015-01-31-14.08.01.000000,2015-01-31-14.08.01.000000
KS59      ,"200010","999912",VISA Classic - Scotia Momentum VISA-Infinite,"10210","00002",Y,2015-01-31-14.08.01.000000,2015-01-31-14.08.01.000000
KS85      ,"200010","202301",VISA Classic - Scene-Student > $125K,"10210","00002",N,2015-01-31-14.08.01.000000,2023-03-01-00.00.01.000000
KS23      ,"200010","202301",ScotiaLine - Cash Secured >$125K,"10010","00002",N,2015-01-31-14.08.01.000000,2023-03-01-00.00.01.000000
KS51      ,"201606","999912",Scotia Student Line - Scotia Professional Student Plan type A,"11010","00002",Y,2016-07-05-15.46.07.000000,2016-07-05-15.46.07.000000
KS110     ,"200010","202301",VISA Gold - Private Banking - RE Secured >$125K,"17510","00002",N,2015-01-31-14.08.01.000000,2023-03-01-00.00.01.000000
KS110     ,"202302","999912",VISA Gold - Private Banking - RE Secured >$150K,"17510","00002",Y,2023-03-01-00.00.01.000000,2023-03-01-00.00.01.000000
S04       ,"200010","999912",Direct Other - Dept.,"10010","00002",Y,2015-01-31-14.08.01.000000,2015-01-31-14.08.01.000000
KS85      ,"202302","999912",VISA Classic - Scene-Student > $150K,"10210","00002",Y,2023-03-01-00.00.01.000000,2023-03-01-00.00.01.000000
KS23      ,"202302","999912",ScotiaLine - Cash Secured >$150K,"10010","00002",Y,2023-03-01-00.00.01.000000,2023-03-01-00.00.01.000000
KS38      ,"200010","999912",ScotiaLine - RRSP Catch-up - RE Secured,"10010","00002",Y,2015-01-31-14.08.01.000000,2015-01-31-14.08.01.000000
KS55      ,"200010","999912",VISA Classic - Corporate Credit,"10210","00002",Y,2015-01-31-14.08.01.000000,2015-01-31-14.08.01.000000
KS45      ,"200010","202301",Scotia Student Line - Scotia Student Line type A >$125K,"10010","00002",N,2015-01-31-14.08.01.000000,2023-03-01-00.00.01.000000
KS50      ,"200010","202301",Scotia Student Line - Scotia Student Line type B  >$125K,"10010","00002",N,2015-01-31-14.08.01.000000,2023-03-01-00.00.01.000000
KS45      ,"202302","999912",Scotia Student Line - Scotia Student Line type A >$150K,"10010","00002",Y,2023-03-01-00.00.01.000000,2023-03-01-00.00.01.000000
KS15      ,"202302","999912",AMEX - Scotiabank Standard AMEX >$150K,"10211","00002",Y,2023-03-01-00.00.01.000000,2023-03-01-00.00.01.000000
KS50      ,"202302","999912",Scotia Student Line - Scotia Student Line type B  >$150K,"10010","00002",Y,2023-03-01-00.00.01.000000,2023-03-01-00.00.01.000000
KS06      ,"200010","999912",AMEX - Scotiabank Gold AMEX Staff - RE Secured,"10211","00002",Y,2015-01-31-14.08.01.000000,2015-01-31-14.08.01.000000
KS13      ,"200010","999912",AMEX - Scotiabank Standard AMEX,"10211","00002",Y,2015-01-31-14.08.01.000000,2015-01-31-14.08.01.000000
KS178     ,"202302","999912",Scotiabank Passport Visa Infinite - Staff - STEP>$150K,"10210","00002",Y,2023-03-01-00.00.01.000000,2023-03-01-00.00.01.000000
KS74      ,"202302","999912",VISA Classic - Visa Classic-Regular - RE Secured >$150K,"10210","00002",Y,2023-03-01-00.00.01.000000,2023-03-01-00.00.01.000000
M03       ,"200010","999912",Mortgage BNS Genworth Individual Insured,"10010","00002",Y,2015-01-31-14.08.01.000000,2015-01-31-14.08.01.000000
KS109     ,"200010","202301",VISA Gold - Private Banking >$125K,"17510","00002",N,2015-01-31-14.08.01.000000,2023-03-01-00.00.01.000000
M19       ,"200010","999912",Mortgage Tangerine CMHC Bulk Insured,"10910","00002",Y,2015-01-31-14.08.01.000000,2015-01-31-14.08.01.000000
KS166     ,"202302","999912",Scotiabank GM VISA Infinite Card - No Fee - RE Secured >$150K,"10210","00002",Y,2023-03-01-00.00.01.000000,2023-03-01-00.00.01.000000
KS24      ,"200010","202301",ScotiaLine - Cash Secured - RE Secured >$125K,"10010","00002",N,2015-01-31-14.08.01.000000,2023-03-01-00.00.01.000000
KS08      ,"200010","202301",AMEX - Scotiabank Gold AMEX Staff - RE Secured >$125K,"10211","00002",N,2015-01-31-14.08.01.000000,2023-03-01-00.00.01.000000
M06       ,"200010","999912",Mortgage BNS Genworth Bulk Insured,"10010","00002",Y,2015-01-31-14.08.01.000000,2015-01-31-14.08.01.000000
KS165     ,"202302","999912",Scotiabank GM VISA Infinite Card - No Fee > $150K,"10210","00002",Y,2023-03-01-00.00.01.000000,2023-03-01-00.00.01.000000
KS160     ,"201504","999912",Scotiabank GM VISA Card - Regular - RE Secured,"10210","00002",Y,2015-05-05-11.27.25.000000,2015-05-05-11.27.25.000000
M21       ,"200010","999912",Mortgage Tangerine Genworth Bulk Insured,"10910","00002",Y,2015-01-31-14.08.01.000000,2015-01-31-14.08.01.000000
KS123     ,"200010","999912",ScotiaLine Visa - Regular,"10010","00002",Y,2015-01-31-14.08.01.000000,2015-01-31-14.08.01.000000
KS132     ,"200010","202301",VISA Value - Visa Value-No Fee - RE Secured >$125K,"10210","00002",N,2015-01-31-14.08.01.000000,2023-03-01-00.00.01.000000
KS61      ,"202302","999912",VISA Classic - Scotia Momentum VISA-Infinite > $150K,"10210","00002",Y,2023-03-01-00.00.01.000000,2023-03-01-00.00.01.000000
KS58      ,"202302","999912",VISA Classic - Corporate Credit - RE Secured >$150K,"10210","00002",Y,2023-03-01-00.00.01.000000,2023-03-01-00.00.01.000000
M11       ,"200010","999912",Mortgage BNS Genworth Individual Insured,"10010","00002",Y,2015-01-31-14.08.01.000000,2015-01-31-14.08.01.000000
KS41      ,"200010","999912",ScotiaLine - Real Estate Secured,"10010","00002",Y,2015-01-31-14.08.01.000000,2015-01-31-14.08.01.000000
KS109     ,"202302","999912",VISA Gold - Private Banking >$150K,"17510","00002",Y,2023-03-01-00.00.01.000000,2023-03-01-00.00.01.000000
KS20      ,"202302","999912",AMEX - Scotiabank Standard AMEX Staff - RE Secured >$150K,"10211","00002",Y,2023-03-01-00.00.01.000000,2023-03-01-00.00.01.000000
KS128     ,"200010","202301",ScotiaLine Visa - Real Estate Secured >$125K,"10010","00002",N,2015-01-31-14.08.01.000000,2023-03-01-00.00.01.000000
KS46      ,"202302","999912",Scotia Student Line - Scotia Student Line type B  >$150K,"10010","00002",Y,2023-03-01-00.00.01.000000,2023-03-01-00.00.01.000000
KS140     ,"202302","999912",VISA Value - Visa Value Regular - RE Secured >$150K,"10210","00002",Y,2023-03-01-00.00.01.000000,2023-03-01-00.00.01.000000
M26       ,"200010","999912",Mortgage Tangerine Guaranty Individual Insured,"10910","00002",Y,2015-01-31-14.08.01.000000,2015-01-31-14.08.01.000000
KS96      ,"200010","999912",VISA Classic - Scene-Regular - RE Secured,"10210","00002",Y,2015-01-31-14.08.01.000000,2015-01-31-14.08.01.000000
KS87      ,"200010","999912",VISA Classic - Visa Classic-Staff,"10210","00002",Y,2015-01-31-14.08.01.000000,2015-01-31-14.08.01.000000
KS140     ,"200010","202301",VISA Value - Visa Value Regular - RE Secured >$125K,"10210","00002",N,2015-01-31-14.08.01.000000,2023-03-01-00.00.01.000000
KS46      ,"200010","202301",Scotia Student Line - Scotia Student Line type B  >$125K,"10010","00002",N,2015-01-31-14.08.01.000000,2023-03-01-00.00.01.000000
M29       ,"200010","999912",Mortgage Tangerine Guaranty Bulk Insured,"10910","00002",Y,2015-01-31-14.08.01.000000,2015-01-31-14.08.01.000000
M32       ,"200010","999912",Mortgage Tangerine Conventional Uninsured,"10910","00002",Y,2015-01-31-14.08.01.000000,2015-01-31-14.08.01.000000
KS97      ,"202302","999912",VISA Classic - Scene-Regular > $150K,"10210","00002",Y,2023-03-01-00.00.01.000000,2023-03-01-00.00.01.000000
KS62      ,"202302","999912",VISA Classic - Scotia Momentum VISA-Infinite - RE Secured >$150K,"10210","00002",Y,2023-03-01-00.00.01.000000,2023-03-01-00.00.01.000000
KS93      ,"202302","999912",VISA Classic - Learn-Student > $150K,"10210","00002",Y,2023-03-01-00.00.01.000000,2023-03-01-00.00.01.000000
KS169     ,"202302","999912",Scotiabank More Rewards VISA Card - Regular > $150K,"10210","00002",Y,2023-03-01-00.00.01.000000,2023-03-01-00.00.01.000000
M28       ,"200010","999912",Mortgage Tangerine Guaranty Individual Insured,"10910","00002",Y,2015-01-31-14.08.01.000000,2015-01-31-14.08.01.000000
KS125     ,"200010","202301",ScotiaLine Visa - Regular >$125K,"10010","00002",N,2015-01-31-14.08.01.000000,2023-03-01-00.00.01.000000
KS49      ,"202302","999912",Scotia Student Line - Scotia Student Loan type A >$150K,"10010","00002",Y,2023-03-01-00.00.01.000000,2023-03-01-00.00.01.000000
KS78      ,"202302","999912",VISA Classic - Student Banking Advantage Account plan - RE Secured >$150K,"10210","00002",Y,2023-03-01-00.00.01.000000,2023-03-01-00.00.01.000000
KS10      ,"200010","999912",AMEX - Scotiabank Platinum AMEX - RE Secured,"10211","00002",Y,2015-01-31-14.08.01.000000,2015-01-31-14.08.01.000000
KS162     ,"202302","999912",Scotiabank GM VISA Card - Regular - RE Secured >$150K,"10210","00002",Y,2023-03-01-00.00.01.000000,2023-03-01-00.00.01.000000
KS37      ,"200010","999912",ScotiaLine - RRSP Catch-up,"10010","00002",Y,2015-01-31-14.08.01.000000,2015-01-31-14.08.01.000000
KS63      ,"200010","999912",VISA Classic - Visa Classic-No Fee,"10210","00002",Y,2015-01-31-14.08.01.000000,2015-01-31-14.08.01.000000
KS122     ,"200010","202301",VISA Gold - Visa Gold-Staff - RE Secured >$125K,"10210","00002",N,2015-01-31-14.08.01.000000,2023-03-01-00.00.01.000000
M10       ,"200010","999912",Mortgage BNS Genworth Bulk Insured,"10010","00002",Y,2015-01-31-14.08.01.000000,2015-01-31-14.08.01.000000
KS01      ,"200010","999912",AMEX - Scotiabank Gold AMEX,"10211","00002",Y,2015-01-31-14.08.01.000000,2015-01-31-14.08.01.000000
KS172     ,"201606","999912",Scotiabank Passport Visa Infinite - Regular - STEP,"10210","00002",Y,2017-12-07-13.35.29.000000,2017-12-07-13.35.29.000000
KS32      ,"202302","999912",ScotiaLine - IMA - RE Secured >$150K,"10010","00002",Y,2023-03-01-00.00.01.000000,2023-03-01-00.00.01.000000
KS31      ,"200010","202301",ScotiaLine - IMA > $125K,"10010","00002",N,2015-01-31-14.08.01.000000,2023-03-01-00.00.01.000000
KS22      ,"200010","999912",ScotiaLine - Cash Secured - RE Secured,"10010","00002",Y,2015-01-31-14.08.01.000000,2015-01-31-14.08.01.000000
M05       ,"200010","999912",Mortgage BNS Genworth Individual Insured,"10010","00002",Y,2015-01-31-14.08.01.000000,2015-01-31-14.08.01.000000
M12       ,"200010","999912",Mortgage BNS Genworth Bulk Insured,"10010","00002",Y,2015-01-31-14.08.01.000000,2015-01-31-14.08.01.000000
KS53      ,"201606","202301",Scotia Student Line - Scotia Professional Student Plan type A >$125K,"11010","00002",N,2016-07-05-15.46.07.000000,2023-03-01-00.00.01.000000
KS53      ,"202302","999912",Scotia Student Line - Scotia Professional Student Plan type A >$150K,"11010","00002",Y,2023-03-01-00.00.01.000000,2023-03-01-00.00.01.000000
M01       ,"200010","999912",Mortgage BNS CMHC Individual Insured,"10010","00002",Y,2015-01-31-14.08.01.000000,2015-01-31-14.08.01.000000
KS82      ,"202302","999912",VISA Classic - Student Line - RE Secured >$150K,"10210","00002",Y,2023-03-01-00.00.01.000000,2023-03-01-00.00.01.000000
KS174     ,"201606","202301",Scotiabank Passport Visa Infinite - Regular - STEP>$125K,"10210","00002",N,2017-12-07-13.35.29.000000,2023-03-01-00.00.01.000000
KS08      ,"202302","999912",AMEX - Scotiabank Gold AMEX Staff - RE Secured >$150K,"10211","00002",Y,2023-03-01-00.00.01.000000,2023-03-01-00.00.01.000000
KS167     ,"201512","999912",Scotiabank More Rewards VISA Card - Regular,"10210","00002",Y,2016-01-15-15.26.27.000000,2016-01-15-15.26.27.000000
KS64      ,"200010","999912",VISA Classic - Visa Classic-No Fee - RE Secured,"10210","00002",Y,2015-01-31-14.08.01.000000,2015-01-31-14.08.01.000000
KS129     ,"200010","999912",VISA Value - Visa Value-No Fee,"10210","00002",Y,2015-01-31-14.08.01.000000,2015-01-31-14.08.01.000000
S12       ,"200010","999912",Indirect Leisure,"15110","00002",Y,2015-01-31-14.08.01.000000,2015-01-31-14.08.01.000000
KS66      ,"202302","999912",VISA Classic - Visa Classic-No Fee - RE Secured >$150K,"10210","00002",Y,2023-03-01-00.00.01.000000,2023-03-01-00.00.01.000000
KS90      ,"202302","999912",VISA Classic - Visa Classic-Staff - RE Secured >$150K,"10210","00002",Y,2023-03-01-00.00.01.000000,2023-03-01-00.00.01.000000
KS89      ,"202302","999912",VISA Classic - Visa Classic-Staff > $150K,"10210","00002",Y,2023-03-01-00.00.01.000000,2023-03-01-00.00.01.000000
S11       ,"200010","999912",Indirect - Home Improvement,"15110","00002",Y,2015-01-31-14.08.01.000000,2015-01-31-14.08.01.000000
KS171     ,"201606","999912",Scotiabank Passport Visa Infinite - Regular,"10210","00002",Y,2017-12-07-13.35.29.000000,2017-12-07-13.35.29.000000
KS75      ,"200010","999912",VISA Classic - Student Banking Advantage Account plan,"10210","00002",Y,2015-01-31-14.08.01.000000,2015-01-31-14.08.01.000000
KS101     ,"202302","999912",VISA Gold - Visa Gold-BA No Fee >$150K,"10210","00002",Y,2023-03-01-00.00.01.000000,2023-03-01-00.00.01.000000
S06       ,"200010","999912",Direct - RSP,"10010","00002",Y,2015-01-31-14.08.01.000000,2015-01-31-14.08.01.000000
M02       ,"200010","999912",Mortgage BNS CMHC Bulk Insured,"10010","00002",Y,2015-01-31-14.08.01.000000,2015-01-31-14.08.01.000000
KS07      ,"202302","999912",AMEX - Scotiabank Gold AMEX Staff >$150K,"10211","00002",Y,2023-03-01-00.00.01.000000,2023-03-01-00.00.01.000000
KS65      ,"202302","999912",VISA Classic - Visa Classic-No Fee > $150K,"10210","00002",Y,2023-03-01-00.00.01.000000,2023-03-01-00.00.01.000000
KS26      ,"200010","999912",ScotiaLine - Investment Lending - RE Secured,"10010","00002",Y,2015-01-31-14.08.01.000000,2015-01-31-14.08.01.000000
M22       ,"200010","999912",Mortgage Tangerine Genworth Individual Insured,"10910","00002",Y,2015-01-31-14.08.01.000000,2015-01-31-14.08.01.000000
KS91      ,"200010","999912",VISA Classic - Learn-Student,"10210","00002",Y,2015-01-31-14.08.01.000000,2015-01-31-14.08.01.000000
KS09      ,"200010","999912",AMEX - Scotiabank Platinum AMEX,"10211","00002",Y,2015-01-31-14.08.01.000000,2015-01-31-14.08.01.000000
KS95      ,"200010","999912",VISA Classic - Scene-Regular,"10210","00002",Y,2015-01-31-14.08.01.000000,2015-01-31-14.08.01.000000
KS102     ,"200010","202301",VISA Gold - Visa Gold-BA No Fee - RE Secured >$125K,"10210","00002",N,2015-01-31-14.08.01.000000,2023-03-01-00.00.01.000000
KS43      ,"200010","999912",Scotia Student Line - Scotia Student Line type A,"10010","00002",Y,2015-01-31-14.08.01.000000,2015-01-31-14.08.01.000000
KS34      ,"200010","999912",ScotiaLine - Regular - RE Secured,"10010","00002",Y,2015-01-31-14.08.01.000000,2015-01-31-14.08.01.000000
KS65      ,"200010","202301",VISA Classic - Visa Classic-No Fee > $125K,"10210","00002",N,2015-01-31-14.08.01.000000,2023-03-01-00.00.01.000000
KS42      ,"200010","202301",ScotiaLine - Real Estate Secured >$125K,"10010","00002",N,2015-01-31-14.08.01.000000,2023-03-01-00.00.01.000000
M25       ,"200010","999912",Mortgage Tangerine Guaranty Bulk Insured,"10910","00002",Y,2015-01-31-14.08.01.000000,2015-01-31-14.08.01.000000
S03       ,"200010","999912",Direct  CLIP,"10010","00002",Y,2015-01-31-14.08.01.000000,2015-01-31-14.08.01.000000
M09       ,"200010","999912",Mortgage BNS Genworth Individual Insured,"10010","00002",Y,2015-01-31-14.08.01.000000,2015-01-31-14.08.01.000000
KS86      ,"200010","202301",VISA Classic - Scene-Student - RE Secured >$125K,"10210","00002",N,2015-01-31-14.08.01.000000,2023-03-01-00.00.01.000000
KS83      ,"200010","999912",VISA Classic - Scene-Student,"10210","00002",Y,2015-01-31-14.08.01.000000,2015-01-31-14.08.01.000000
KS114     ,"202302","999912",VISA Gold - Visa Gold-Regular - RE Secured >$150K,"10210","00002",Y,2023-03-01-00.00.01.000000,2023-03-01-00.00.01.000000
M18       ,"200010","999912",Mortgage Tangerine CMHC Individual Insured,"10910","00002",Y,2015-01-31-14.08.01.000000,2015-01-31-14.08.01.000000
KS113     ,"200010","202301",VISA Gold - Visa Gold-Regular >$125K,"10210","00002",N,2015-01-31-14.08.01.000000,2023-03-01-00.00.01.000000
KS89      ,"200010","202301",VISA Classic - Visa Classic-Staff > $125K,"10210","00002",N,2015-01-31-14.08.01.000000,2023-03-01-00.00.01.000000
KS90      ,"200010","202301",VISA Classic - Visa Classic-Staff - RE Secured >$125K,"10210","00002",N,2015-01-31-14.08.01.000000,2023-03-01-00.00.01.000000
M04       ,"200010","999912",Mortgage BNS Genworth Bulk Insured,"10010","00002",Y,2015-01-31-14.08.01.000000,2015-01-31-14.08.01.000000
KS39      ,"202302","999912",ScotiaLine - RRSP Catch-up > $150K,"10010","00002",Y,2023-03-01-00.00.01.000000,2023-03-01-00.00.01.000000
KS106     ,"202302","999912",VISA Gold - Visa Gold-No Fee - RE Secured >$150K,"10210","00002",Y,2023-03-01-00.00.01.000000,2023-03-01-00.00.01.000000
KS42      ,"202302","999912",ScotiaLine - Real Estate Secured >$150K,"10010","00002",Y,2023-03-01-00.00.01.000000,2023-03-01-00.00.01.000000
KS62      ,"200010","202301",VISA Classic - Scotia Momentum VISA-Infinite - RE Secured >$125K,"10210","00002",N,2015-01-31-14.08.01.000000,2023-03-01-00.00.01.000000
M15       ,"200010","999912",Mortgage BNS Conventional Uninsured,"10010","00002",Y,2015-01-31-14.08.01.000000,2015-01-31-14.08.01.000000
KS04      ,"200010","202301",AMEX - Scotiabank Gold AMEX - RE Secured >$125K,"10211","00002",N,2015-01-31-14.08.01.000000,2023-03-01-00.00.01.000000
KS70      ,"202302","999912",VISA Classic - Visa Classic-Scotia Hockey - RE Secured >$150K,"10210","00002",Y,2023-03-01-00.00.01.000000,2023-03-01-00.00.01.000000
KS36      ,"202302","999912",ScotiaLine - Regular - RE Secured >$150K,"10010","00002",Y,2023-03-01-00.00.01.000000,2023-03-01-00.00.01.000000
KS120     ,"200010","999912",VISA Gold - Visa Gold-Staff - RE Secured,"10210","00002",Y,2015-01-31-14.08.01.000000,2015-01-31-14.08.01.000000
KS70      ,"200010","202301",VISA Classic - Visa Classic-Scotia Hockey - RE Secured >$125K,"10210","00002",N,2015-01-31-14.08.01.000000,2023-03-01-00.00.01.000000
KS04      ,"202302","999912",AMEX - Scotiabank Gold AMEX - RE Secured >$150K,"10211","00002",Y,2023-03-01-00.00.01.000000,2023-03-01-00.00.01.000000
S07       ,"200010","999912",Direct Unsecured - Other,"10010","00002",Y,2015-01-31-14.08.01.000000,2015-01-31-14.08.01.000000
KS114     ,"200010","202301",VISA Gold - Visa Gold-Regular - RE Secured >$125K,"10210","00002",N,2015-01-31-14.08.01.000000,2023-03-01-00.00.01.000000
KS69      ,"202302","999912",VISA Classic - Visa Classic-Scotia Hockey > $150K,"10210","00002",Y,2023-03-01-00.00.01.000000,2023-03-01-00.00.01.000000
M13       ,"200010","999912",Mortgage BNS Guaranty Individual Insured,"10010","00002",Y,2015-01-31-14.08.01.000000,2015-01-31-14.08.01.000000
KS02      ,"200010","999912",AMEX - Scotiabank Gold AMEX - RE Secured,"10211","00002",Y,2015-01-31-14.08.01.000000,2015-01-31-14.08.01.000000
KS117     ,"202302","999912",VISA Gold - ScotiaProfessional Plan >$150K,"10210","00002",Y,2023-03-01-00.00.01.000000,2023-03-01-00.00.01.000000
KS112     ,"200010","999912",VISA Gold - Visa Gold-Regular - RE Secured,"10210","00002",Y,2015-01-31-14.08.01.000000,2015-01-31-14.08.01.000000
S14       ,"200010","999912",Indirect Other,"15110","00002",Y,2015-01-31-14.08.01.000000,2015-01-31-14.08.01.000000
KS98      ,"202302","999912",VISA Classic - Scene-Regular - RE Secured >$150K,"10210","00002",Y,2023-03-01-00.00.01.000000,2023-03-01-00.00.01.000000
KS73      ,"202302","999912",VISA Classic - Visa Classic-Regular > $150K,"10210","00002",Y,2023-03-01-00.00.01.000000,2023-03-01-00.00.01.000000
