"NCR_PD_BAND_ID","NCR_PD_BAND_KEY_VAL","NCR_EXPSR_CL_KEY_VAL","PD_MIN_VAL","PD_MAX_VAL","PD_MIN_VAL_DESC","PD_MAX_VAL_DESC","PD_BAND_EXPSR_CL_DESC","NCR_PD_BAND_DESC","FRS_CD","PD_BAND","EFF_FROM_YR_MTH","EFF_TO_YR_MTH","CRNT_F","INSRT_PROCESS_TMSTMP","UPDT_PROCESS_TMSTMP"
17014,"1401","0501",,,,,Mortgage and HELOC,PD Band 1,"1","1","200010","999912",Y,2023-05-29-12.10.00.000000,2023-05-29-12.10.00.000000
17019,"1401","0506",,,,,LOC,PD Band 1,"1","1","200010","999912",Y,2023-05-29-12.10.00.000000,2023-05-29-12.10.00.000000
17021,"1401","0510",,,,,Residential Mortgage - CMHC Insured,PD Band 1,"1","1","200010","999912",Y,2023-05-29-12.10.00.000000,2023-05-29-12.10.00.000000
17023,"1401","0512",,,,,Residential Mortgage - Non-Insured,PD Band 1,"1","1","200010","999912",Y,2023-05-29-12.10.00.000000,2023-05-29-12.10.00.000000
17343,"1402","0502",0.00060000,0.00090000,"0.06%","0.09%",Mortgage,PD Band 2,"2","2","202401","202512",N,2024-01-29-13.42.00.000000,2026-01-08-09.59.00.000000
17552,"1403","0503",0.00140000,0.00910000,"0.14%","0.91%",HELOC,PD Band 3,"3","3","202601","999912",Y,2026-01-08-09.59.00.000000,2026-01-08-09.59.00.000000
17351,"1403","0507",0.00110000,0.00250000,"0.11%","0.25%",Other Retail,PD Band 3,"3","3","202401","202411",N,2024-01-29-13.42.00.000000,2024-12-13-13.57.00.000000
17050,"1404","0501",,,,,Mortgage and HELOC,PD Band 4,"4","4","200010","999912",Y,2023-05-29-12.10.00.000000,2023-05-29-12.10.00.000000
17477,"1404","0503",0.01130000,0.11870000,"1.13%","11.87%",HELOC,PD Band 4,"4","4","202412","202512",N,2025-01-06-13.57.00.000000,2026-01-08-09.59.00.000000
17052,"1404","0503",0.00730000,0.03710000,"0.7300%","3.7100%",HELOC,PD Band 4,"4","4","200010","202312",N,2023-05-29-12.10.00.000000,2024-01-29-13.42.00.000000
17054,"1404","0505",,,,,Credit Card,PD Band 4,"4","4","200010","999912",Y,2023-05-29-12.10.00.000000,2023-05-29-12.10.00.000000
17560,"1404","0599",0.00140000,0.00200000,"0.14%","0.20%",No Exposure Class,PD Band 4,"4","4","202601","999912",Y,2026-01-08-09.59.00.000000,2026-01-08-09.59.00.000000
17360,"1405","0504",0.00770000,0.01450000,"0.77%","1.45%",Total QRRE,PD Band 5,"5","5","202401","202411",N,2024-01-29-13.42.00.000000,2024-12-13-13.57.00.000000
17066,"1405","0505",,,,,Credit Card,PD Band 5,"5","5","200010","999912",Y,2023-05-29-12.10.00.000000,2023-05-29-12.10.00.000000
17484,"1405","0507",0.00640000,0.00970000,"0.64%","0.97%",Other Retail,PD Band 5,"5","5","202412","202512",N,2025-01-06-13.57.00.000000,2026-01-08-09.59.00.000000
17068,"1405","0507",0.00850000,0.00920000,"0.8500%","0.9200%",Other Retail,PD Band 5,"5","5","200010","202312",N,2023-05-29-12.10.00.000000,2024-01-29-13.42.00.000000
17072,"1405","0599",0.00330000,0.00620000,"0.3300%","0.6200%",No Exposure Class,PD Band 5,"5","5","200010","202312",N,2023-05-29-12.10.00.000000,2024-01-29-13.42.00.000000
17074,"1406","0501",,,,,Mortgage and HELOC,PD Band 6,"6","6","200010","999912",Y,2023-05-29-12.10.00.000000,2023-05-29-12.10.00.000000
17488,"1406","0504",0.00800000,0.01510000,"0.80%","1.51%",Total QRRE,PD Band 6,"6","6","202412","202512",N,2025-01-06-13.57.00.000000,2026-01-08-09.59.00.000000
17365,"1406","0504",0.01460000,0.02350000,"1.46%","2.35%",Total QRRE,PD Band 6,"6","6","202401","202411",N,2024-01-29-13.42.00.000000,2024-12-13-13.57.00.000000
17088,"1407","0503",0.27140000,0.54420000,"27.1400%","54.4200%",HELOC,PD Band 7,"7","7","200010","202312",N,2023-05-29-12.10.00.000000,2024-01-29-13.42.00.000000
17092,"1407","0507",0.01130000,0.01610000,"1.1300%","1.6100%",Other Retail,PD Band 7,"7","7","200010","202312",N,2023-05-29-12.10.00.000000,2024-01-29-13.42.00.000000
17498,"1408","0504",0.02420000,0.02780000,"2.42%","2.78%",Total QRRE,PD Band 8,"8","8","202412","202512",N,2025-01-06-13.57.00.000000,2026-01-08-09.59.00.000000
17575,"1408","0504",0.01310000,0.02240000,"1.31%","2.24%",Total QRRE,PD Band 8,"8","8","202601","999912",Y,2026-01-08-09.59.00.000000,2026-01-08-09.59.00.000000
17104,"1408","0507",0.01620000,0.03740000,"1.6200%","3.7400%",Other Retail,PD Band 8,"8","8","200010","202312",N,2023-05-29-12.10.00.000000,2024-01-29-13.42.00.000000
17578,"1409","0502",0.11630000,0.20340000,"11.63%","20.34%",Mortgage,PD Band 9,"9","9","202601","999912",Y,2026-01-08-09.59.00.000000,2026-01-08-09.59.00.000000
17113,"1409","0504",0.04440000,0.05700000,"4.4400%","5.7000%",Total QRRE,PD Band 9,"9","9","200010","202312",N,2023-05-29-12.10.00.000000,2024-01-29-13.42.00.000000
17118,"1409","0511",,,,,Residential Mortgage - Other Insured,PD Band 9,"9","9","200010","999912",Y,2023-05-29-12.10.00.000000,2023-05-29-12.10.00.000000
17128,"1410","0507",0.03850000,0.07920000,"3.8500%","7.9200%",Other Retail,PD Band 10,"10","10","200010","202312",N,2023-05-29-12.10.00.000000,2024-01-29-13.42.00.000000
17132,"1410","0599",0.03750000,0.04430000,"3.7500%","4.4300%",No Exposure Class,PD Band 10,"10","10","200010","202312",N,2023-05-29-12.10.00.000000,2024-01-29-13.42.00.000000
17133,"1411","0500",,,,,Total Retail,PD Band 11,"11","11","200010","999912",Y,2023-05-29-12.10.00.000000,2023-05-29-12.10.00.000000
17388,"1411","0502",0.18870000,0.37130000,"18.87%","37.13%",Mortgage,PD Band 11,"11","11","202401","202411",N,2024-01-29-13.42.00.000000,2024-12-13-13.57.00.000000
17390,"1411","0504",0.09910000,0.13100000,"9.91%","13.10%",Total QRRE,PD Band 11,"11","11","202401","202411",N,2024-01-29-13.42.00.000000,2024-12-13-13.57.00.000000
17142,"1411","0511",,,,,Residential Mortgage - Other Insured,PD Band 11,"11","11","200010","999912",Y,2023-05-29-12.10.00.000000,2023-05-29-12.10.00.000000
17513,"1411","0599",0.01520000,0.01900000,"1.52%","1.90%",No Exposure Class,PD Band 11,"11","11","202412","202512",N,2025-01-06-13.57.00.000000,2026-01-08-09.59.00.000000
17151,"1412","0506",,,,,LOC,PD Band 12,"12","12","200010","999912",Y,2023-05-29-12.10.00.000000,2023-05-29-12.10.00.000000
17396,"1412","0507",0.08600000,0.17490000,"8.60%","17.49%",Other Retail,PD Band 12,"12","12","202401","202411",N,2024-01-29-13.42.00.000000,2024-12-13-13.57.00.000000
17519,"1413","0504",0.13370000,0.24190000,"13.37%","24.19%",Total QRRE,PD Band 13,"13","13","202412","202512",N,2025-01-06-13.57.00.000000,2026-01-08-09.59.00.000000
17166,"1413","0511",,,,,Residential Mortgage - Other Insured,PD Band 13,"13","13","200010","999912",Y,2023-05-29-12.10.00.000000,2023-05-29-12.10.00.000000
17404,"1414","0503",0.99880000,0.99880000,"99.88%","99.88%",HELOC,PD Band 14,"14","14","202401","999912",Y,2024-01-29-13.42.00.000000,2024-01-29-13.42.00.000000
17523,"1414","0507",0.21870000,0.22040000,"21.87%","22.04%",Other Retail,PD Band 14,"14","14","202412","202512",N,2025-01-06-13.57.00.000000,2026-01-08-09.59.00.000000
17176,"1414","0507",0.19440000,0.20160000,"19.4400%","20.1600%",Other Retail,PD Band 14,"14","14","200010","202312",N,2023-05-29-12.10.00.000000,2024-01-29-13.42.00.000000
17599,"1415","0507",0.03640000,0.05720000,"3.64%","5.72%",Other Retail,PD Band 15,"15","15","202601","999912",Y,2026-01-08-09.59.00.000000,2026-01-08-09.59.00.000000
17190,"1415","0511",,,,,Residential Mortgage - Other Insured,PD Band 15,"15","15","200010","999912",Y,2023-05-29-12.10.00.000000,2023-05-29-12.10.00.000000
17193,"1416","0500",,,,,Total Retail,PD Band 16,"16","16","200010","999912",Y,2023-05-29-12.10.00.000000,2023-05-29-12.10.00.000000
17197,"1416","0504",0.48940000,0.60740000,"48.9400%","60.7400%",Total QRRE,PD Band 16,"16","16","200010","202312",N,2023-05-29-12.10.00.000000,2024-01-29-13.42.00.000000
17529,"1416","0507",0.37580000,0.50750000,"37.58%","50.75%",Other Retail,PD Band 16,"16","16","202412","202512",N,2025-01-06-13.57.00.000000,2026-01-08-09.59.00.000000
17602,"1416","0507",0.05730000,0.06020000,"5.73%","6.02%",Other Retail,PD Band 16,"16","16","202601","999912",Y,2026-01-08-09.59.00.000000,2026-01-08-09.59.00.000000
17211,"1417","0506",,,,,LOC,PD Band 17,"17","17","200010","999912",Y,2023-05-29-12.10.00.000000,2023-05-29-12.10.00.000000
17215,"1417","0512",,,,,Residential Mortgage - Non-Insured,PD Band 17,"17","17","200010","999912",Y,2023-05-29-12.10.00.000000,2023-05-29-12.10.00.000000
17217,"1418","0500",,,,,Total Retail,PD Band 18,"18","18","200010","999912",Y,2023-05-29-12.10.00.000000,2023-05-29-12.10.00.000000
17218,"1418","0501",,,,,Mortgage and HELOC,PD Band 18,"18","18","200010","999912",Y,2023-05-29-12.10.00.000000,2023-05-29-12.10.00.000000
17534,"1418","0504",0.62940000,0.83810000,"62.94%","83.81%",Total QRRE,PD Band 18,"18","18","202412","202512",N,2025-01-06-13.57.00.000000,2026-01-08-09.59.00.000000
17425,"1418","0504",0.82870000,0.86420000,"82.87%","86.42%",Total QRRE,PD Band 18,"18","18","202401","202411",N,2024-01-29-13.42.00.000000,2024-12-13-13.57.00.000000
17608,"1418","0507",0.07510000,0.08040000,"7.51%","8.04%",Other Retail,PD Band 18,"18","18","202601","999912",Y,2026-01-08-09.59.00.000000,2026-01-08-09.59.00.000000
17226,"1418","0511",,,,,Residential Mortgage - Other Insured,PD Band 18,"18","18","200010","999912",Y,2023-05-29-12.10.00.000000,2023-05-29-12.10.00.000000
17427,"1418","0599",0.20780000,0.28980000,"20.78%","28.98%",No Exposure Class,PD Band 18,"18","18","202401","202411",N,2024-01-29-13.42.00.000000,2024-12-13-13.57.00.000000
17232,"1419","0503",0.99930000,0.99930000,"99.9300%","99.9300%",HELOC,PD Band 19,"19","19","200010","202312",N,2023-05-29-12.10.00.000000,2024-01-29-13.42.00.000000
17537,"1419","0504",0.83820000,0.87370000,"83.82%","87.37%",Total QRRE,PD Band 19,"19","19","202412","202512",N,2025-01-06-13.57.00.000000,2026-01-08-09.59.00.000000
17234,"1419","0505",,,,,Credit Card,PD Band 19,"19","19","200010","999912",Y,2023-05-29-12.10.00.000000,2023-05-29-12.10.00.000000
17436,"1420","0507",0.99940000,0.99940000,"99.94%","99.94%",Other Retail,PD Band 20,"20","20","202401","202512",N,2024-01-29-13.42.00.000000,2026-01-08-09.59.00.000000
17260,"1421","0507",0.99950000,0.99950000,"99.9500%","99.9500%",Other Retail,PD Band 21,"21","21","200010","202312",N,2023-05-29-12.10.00.000000,2024-01-29-13.42.00.000000
17272,"1422","0507",0.99960000,0.99960000,"99.9600%","99.9600%",Other Retail,PD Band 22,"22","22","200010","202312",N,2023-05-29-12.10.00.000000,2024-01-29-13.42.00.000000
17274,"1422","0511",,,,,Residential Mortgage - Other Insured,PD Band 22,"22","22","200010","999912",Y,2023-05-29-12.10.00.000000,2023-05-29-12.10.00.000000
17276,"1422","0599",0.51450000,0.60740000,"51.4500%","60.7400%",No Exposure Class,PD Band 22,"22","22","200010","202312",N,2023-05-29-12.10.00.000000,2024-01-29-13.42.00.000000
17283,"1423","0506",,,,,LOC,PD Band 23,"23","23","200010","999912",Y,2023-05-29-12.10.00.000000,2023-05-29-12.10.00.000000
17286,"1423","0511",,,,,Residential Mortgage - Other Insured,PD Band 23,"23","23","200010","999912",Y,2023-05-29-12.10.00.000000,2023-05-29-12.10.00.000000
17288,"1423","0599",0.60750000,0.80200000,"60.7500%","80.2000%",No Exposure Class,PD Band 23,"23","23","200010","202312",N,2023-05-29-12.10.00.000000,2024-01-29-13.42.00.000000
17455,"1424","0504",0.99980000,0.99980000,"99.98%","99.98%",Total QRRE,PD Band 24,"24","24","202401","999912",Y,2024-01-29-13.42.00.000000,2024-01-29-13.42.00.000000
17293,"1424","0504",0.99980000,0.99980000,"99.9800%","99.9800%",Total QRRE,PD Band 24,"24","24","200010","202312",N,2023-05-29-12.10.00.000000,2024-01-29-13.42.00.000000
17300,"1424","0599",0.80210000,0.88450000,"80.2100%","88.4500%",No Exposure Class,PD Band 24,"24","24","200010","202312",N,2023-05-29-12.10.00.000000,2024-01-29-13.42.00.000000
17301,"1425","0500",,,,,Total Retail,PD Band 25,"25","25","200010","999912",Y,2023-05-29-12.10.00.000000,2023-05-29-12.10.00.000000
17321,"1426","0510",,,,,Residential Mortgage - CMHC Insured,Defaulted - 100%,"26","26","200010","999912",Y,2023-05-29-12.10.00.000000,2023-05-29-12.10.00.000000
17325,"1498","0598",,,,,Unknown,Unknown,,,"200010","999912",Y,2023-05-29-12.10.00.000000,2023-05-29-12.10.00.000000
17326,"1499","0500",,,,,Total Retail,No PD Band,,,"200010","999912",Y,2023-05-29-12.10.00.000000,2023-05-29-12.10.00.000000
17333,"1499","0507",-2.00000000,-2.00000000,,,Other Retail,No PD Band,,,"200010","999912",Y,2023-05-29-12.10.00.000000,2023-05-29-12.10.00.000000
17335,"1499","0511",,,,,Residential Mortgage - Other Insured,No PD Band,,,"200010","999912",Y,2023-05-29-12.10.00.000000,2023-05-29-12.10.00.000000
17007,"1400","0506",,,,,LOC,Total PD Band,,,"200010","999912",Y,2023-05-29-12.10.00.000000,2023-05-29-12.10.00.000000
17009,"1400","0510",,,,,Residential Mortgage - CMHC Insured,Total PD Band,,,"200010","999912",Y,2023-05-29-12.10.00.000000,2023-05-29-12.10.00.000000
17016,"1401","0503",0.00050000,0.00050000,"0.0500%","0.0500%",HELOC,PD Band 1,"1","1","200010","202312",N,2023-05-29-12.10.00.000000,2024-01-29-13.42.00.000000
17340,"1401","0504",0.00100000,0.00100000,"0.10%","0.10%",Total QRRE,PD Band 1,"1","1","202401","999912",Y,2024-01-29-13.42.00.000000,2024-01-29-13.42.00.000000
17549,"1402","0504",0.00110000,0.00120000,"0.11%","0.12%",Total QRRE,PD Band 2,"2","2","202601","999912",Y,2026-01-08-09.59.00.000000,2026-01-08-09.59.00.000000
17346,"1402","0507",0.00060000,0.00100000,"0.06%","0.10%",Other Retail,PD Band 2,"2","2","202401","202411",N,2024-01-29-13.42.00.000000,2024-12-13-13.57.00.000000
17033,"1402","0510",,,,,Residential Mortgage - CMHC Insured,PD Band 2,"2","2","200010","999912",Y,2023-05-29-12.10.00.000000,2023-05-29-12.10.00.000000
17554,"1403","0507",0.00100000,0.00230000,"0.10%","0.23%",Other Retail,PD Band 3,"3","3","202601","999912",Y,2026-01-08-09.59.00.000000,2026-01-08-09.59.00.000000
17556,"1404","0502",0.00190000,0.00330000,"0.19%","0.33%",Mortgage,PD Band 4,"4","4","202601","999912",Y,2026-01-08-09.59.00.000000,2026-01-08-09.59.00.000000
17354,"1404","0503",0.00720000,0.03740000,"0.72%","3.74%",HELOC,PD Band 4,"4","4","202401","202411",N,2024-01-29-13.42.00.000000,2024-12-13-13.57.00.000000
17479,"1404","0507",0.00250000,0.00630000,"0.25%","0.63%",Other Retail,PD Band 4,"4","4","202412","202512",N,2025-01-06-13.57.00.000000,2026-01-08-09.59.00.000000
17356,"1404","0507",0.00260000,0.00640000,"0.26%","0.64%",Other Retail,PD Band 4,"4","4","202401","202411",N,2024-01-29-13.42.00.000000,2024-12-13-13.57.00.000000
17062,"1405","0501",,,,,Mortgage and HELOC,PD Band 5,"5","5","200010","999912",Y,2023-05-29-12.10.00.000000,2023-05-29-12.10.00.000000
17563,"1405","0504",0.00510000,0.00670000,"0.51%","0.67%",Total QRRE,PD Band 5,"5","5","202601","999912",Y,2026-01-08-09.59.00.000000,2026-01-08-09.59.00.000000
17567,"1406","0504",0.00680000,0.00750000,"0.68%","0.75%",Total QRRE,PD Band 6,"6","6","202601","999912",Y,2026-01-08-09.59.00.000000,2026-01-08-09.59.00.000000
17085,"1407","0500",,,,,Total Retail,PD Band 7,"7","7","200010","999912",Y,2023-05-29-12.10.00.000000,2023-05-29-12.10.00.000000
17496,"1408","0502",0.02380000,0.10090000,"2.38%","10.09%",Mortgage,PD Band 8,"8","8","202412","202512",N,2025-01-06-13.57.00.000000,2026-01-08-09.59.00.000000
17102,"1408","0505",,,,,Credit Card,PD Band 8,"8","8","200010","999912",Y,2023-05-29-12.10.00.000000,2023-05-29-12.10.00.000000
17376,"1408","0507",0.01710000,0.03920000,"1.71%","3.92%",Other Retail,PD Band 8,"8","8","202401","202411",N,2024-01-29-13.42.00.000000,2024-12-13-13.57.00.000000
17111,"1409","0502",0.05600000,0.08480000,"5.6000%","8.4800%",Mortgage,PD Band 9,"9","9","200010","202312",N,2023-05-29-12.10.00.000000,2024-01-29-13.42.00.000000
17379,"1409","0503",0.75640000,0.99830000,"75.64%","99.83%",HELOC,PD Band 9,"9","9","202401","202411",N,2024-01-29-13.42.00.000000,2024-12-13-13.57.00.000000
17381,"1409","0507",0.03930000,0.04390000,"3.93%","4.39%",Other Retail,PD Band 9,"9","9","202401","202411",N,2024-01-29-13.42.00.000000,2024-12-13-13.57.00.000000
17507,"1410","0504",0.04810000,0.06350000,"4.81%","6.35%",Total QRRE,PD Band 10,"10","10","202412","202512",N,2025-01-06-13.57.00.000000,2026-01-08-09.59.00.000000
17385,"1410","0504",0.06240000,0.09900000,"6.24%","9.90%",Total QRRE,PD Band 10,"10","10","202401","202411",N,2024-01-29-13.42.00.000000,2024-12-13-13.57.00.000000
17126,"1410","0505",,,,,Credit Card,PD Band 10,"10","10","200010","999912",Y,2023-05-29-12.10.00.000000,2023-05-29-12.10.00.000000
17508,"1410","0507",0.04340000,0.07760000,"4.34%","7.76%",Other Retail,PD Band 10,"10","10","202412","202512",N,2025-01-06-13.57.00.000000,2026-01-08-09.59.00.000000
17584,"1410","0507",0.01190000,0.01200000,"1.19%","1.20%",Other Retail,PD Band 10,"10","10","202601","999912",Y,2026-01-08-09.59.00.000000,2026-01-08-09.59.00.000000
17135,"1411","0502",0.11920000,0.25580000,"11.9200%","25.5800%",Mortgage,PD Band 11,"11","11","200010","202312",N,2023-05-29-12.10.00.000000,2024-01-29-13.42.00.000000
17392,"1411","0599",0.02380000,0.03740000,"2.38%","3.74%",No Exposure Class,PD Band 11,"11","11","202401","202411",N,2024-01-29-13.42.00.000000,2024-12-13-13.57.00.000000
17144,"1411","0599",0.04440000,0.05700000,"4.4400%","5.7000%",No Exposure Class,PD Band 11,"11","11","200010","202312",N,2023-05-29-12.10.00.000000,2024-01-29-13.42.00.000000
17394,"1412","0503",0.99860000,0.99860000,"99.86%","99.86%",HELOC,PD Band 12,"12","12","202401","999912",Y,2024-01-29-13.42.00.000000,2024-01-29-13.42.00.000000
17589,"1412","0504",0.06020000,0.07670000,"6.02%","7.67%",Total QRRE,PD Band 12,"12","12","202601","999912",Y,2026-01-08-09.59.00.000000,2026-01-08-09.59.00.000000
17591,"1412","0599",0.01570000,0.02240000,"1.57%","2.24%",No Exposure Class,PD Band 12,"12","12","202601","999912",Y,2026-01-08-09.59.00.000000,2026-01-08-09.59.00.000000
17594,"1413","0599",0.02250000,0.02660000,"2.25%","2.66%",No Exposure Class,PD Band 13,"13","13","202601","999912",Y,2026-01-08-09.59.00.000000,2026-01-08-09.59.00.000000
17406,"1414","0507",0.18040000,0.22230000,"18.04%","22.23%",Other Retail,PD Band 14,"14","14","202401","202411",N,2024-01-29-13.42.00.000000,2024-12-13-13.57.00.000000
17180,"1414","0599",0.10060000,0.12210000,"10.0600%","12.2100%",No Exposure Class,PD Band 14,"14","14","200010","202312",N,2023-05-29-12.10.00.000000,2024-01-29-13.42.00.000000
17183,"1415","0502",0.99890000,0.99890000,"99.8900%","99.8900%",Mortgage,PD Band 15,"15","15","200010","202312",N,2023-05-29-12.10.00.000000,2024-01-29-13.42.00.000000
17409,"1415","0503",0.99890000,0.99890000,"99.89%","99.89%",HELOC,PD Band 15,"15","15","202401","999912",Y,2024-01-29-13.42.00.000000,2024-01-29-13.42.00.000000
17410,"1415","0504",0.28990000,0.51150000,"28.99%","51.15%",Total QRRE,PD Band 15,"15","15","202401","202411",N,2024-01-29-13.42.00.000000,2024-12-13-13.57.00.000000
17412,"1415","0599",0.09910000,0.13100000,"9.91%","13.10%",No Exposure Class,PD Band 15,"15","15","202401","202411",N,2024-01-29-13.42.00.000000,2024-12-13-13.57.00.000000
17201,"1416","0510",,,,,Residential Mortgage - CMHC Insured,PD Band 16,"16","16","200010","999912",Y,2023-05-29-12.10.00.000000,2023-05-29-12.10.00.000000
17202,"1416","0511",,,,,Residential Mortgage - Other Insured,PD Band 16,"16","16","200010","999912",Y,2023-05-29-12.10.00.000000,2023-05-29-12.10.00.000000
17205,"1417","0500",,,,,Total Retail,PD Band 17,"17","17","200010","999912",Y,2023-05-29-12.10.00.000000,2023-05-29-12.10.00.000000
17420,"1417","0504",0.62210000,0.82860000,"62.21%","82.86%",Total QRRE,PD Band 17,"17","17","202401","202411",N,2024-01-29-13.42.00.000000,2024-12-13-13.57.00.000000
17533,"1417","0599",0.10100000,0.13360000,"10.10%","13.36%",No Exposure Class,PD Band 17,"17","17","202412","202512",N,2025-01-06-13.57.00.000000,2026-01-08-09.59.00.000000
17228,"1418","0599",0.19440000,0.25920000,"19.4400%","25.9200%",No Exposure Class,PD Band 18,"18","18","200010","202312",N,2023-05-29-12.10.00.000000,2024-01-29-13.42.00.000000
17236,"1419","0507",0.99930000,0.99930000,"99.9300%","99.9300%",Other Retail,PD Band 19,"19","19","200010","202312",N,2023-05-29-12.10.00.000000,2024-01-29-13.42.00.000000
17238,"1419","0511",,,,,Residential Mortgage - Other Insured,PD Band 19,"19","19","200010","999912",Y,2023-05-29-12.10.00.000000,2023-05-29-12.10.00.000000
17242,"1420","0501",,,,,Mortgage and HELOC,PD Band 20,"20","20","200010","999912",Y,2023-05-29-12.10.00.000000,2023-05-29-12.10.00.000000
17539,"1420","0504",0.87380000,0.96410000,"87.38%","96.41%",Total QRRE,PD Band 20,"20","20","202412","202512",N,2025-01-06-13.57.00.000000,2026-01-08-09.59.00.000000
17615,"1420","0599",0.17640000,0.19840000,"17.64%","19.84%",No Exposure Class,PD Band 20,"20","20","202601","999912",Y,2026-01-08-09.59.00.000000,2026-01-08-09.59.00.000000
17439,"1421","0503",0.99950000,0.99950000,"99.95%","99.95%",HELOC,PD Band 21,"21","21","202401","999912",Y,2024-01-29-13.42.00.000000,2024-01-29-13.42.00.000000
17256,"1421","0503",0.99950000,0.99950000,"99.9500%","99.9500%",HELOC,PD Band 21,"21","21","200010","202312",N,2023-05-29-12.10.00.000000,2024-01-29-13.42.00.000000
17542,"1421","0599",0.28210000,0.37570000,"28.21%","37.57%",No Exposure Class,PD Band 21,"21","21","202412","202512",N,2025-01-06-13.57.00.000000,2026-01-08-09.59.00.000000
17620,"1422","0599",0.24000000,0.36520000,"24.00%","36.52%",No Exposure Class,PD Band 22,"22","22","202601","999912",Y,2026-01-08-09.59.00.000000,2026-01-08-09.59.00.000000
17452,"1423","0599",0.75640000,0.86420000,"75.64%","86.42%",No Exposure Class,PD Band 23,"23","23","202401","202411",N,2024-01-29-13.42.00.000000,2024-12-13-13.57.00.000000
17625,"1425","0507",0.46370000,0.99990000,"46.37%","99.99%",Other Retail,PD Band 25,"25","25","202601","999912",Y,2026-01-08-09.59.00.000000,2026-01-08-09.59.00.000000
17315,"1426","0502",1.00000000,1.00000000,"100.0000%","100.0000%",Mortgage,Defaulted - 100%,"26","26","200010","202312",N,2023-05-29-12.10.00.000000,2024-01-29-13.42.00.000000
17005,"1400","0504",-1.00000000,-1.00000000,,,Total QRRE,Total PD Band,,,"200010","999912",Y,2023-05-29-12.10.00.000000,2023-05-29-12.10.00.000000
17011,"1400","0512",,,,,Residential Mortgage - Non-Insured,Total PD Band,,,"200010","999912",Y,2023-05-29-12.10.00.000000,2023-05-29-12.10.00.000000
17342,"1401","0599",0.00050000,0.00050000,"0.05%","0.05%",No Exposure Class,PD Band 1,"1","1","202401","999912",Y,2024-01-29-13.42.00.000000,2024-01-29-13.42.00.000000
17026,"1402","0501",,,,,Mortgage and HELOC,PD Band 2,"2","2","200010","999912",Y,2023-05-29-12.10.00.000000,2023-05-29-12.10.00.000000
17349,"1403","0503",0.00160000,0.00710000,"0.16%","0.71%",HELOC,PD Band 3,"3","3","202401","202411",N,2024-01-29-13.42.00.000000,2024-12-13-13.57.00.000000
17056,"1404","0507",0.00330000,0.00840000,"0.3300%","0.8400%",Other Retail,PD Band 4,"4","4","200010","202312",N,2023-05-29-12.10.00.000000,2024-01-29-13.42.00.000000
17482,"1405","0503",0.11880000,0.99790000,"11.88%","99.79%",HELOC,PD Band 5,"5","5","202412","202512",N,2025-01-06-13.57.00.000000,2026-01-08-09.59.00.000000
17070,"1405","0511",,,,,Residential Mortgage - Other Insured,PD Band 5,"5","5","200010","999912",Y,2023-05-29-12.10.00.000000,2023-05-29-12.10.00.000000
17076,"1406","0503",0.10460000,0.27130000,"10.4600%","27.1300%",HELOC,PD Band 6,"6","6","200010","202312",N,2023-05-29-12.10.00.000000,2024-01-29-13.42.00.000000
17078,"1406","0505",,,,,Credit Card,PD Band 6,"6","6","200010","999912",Y,2023-05-29-12.10.00.000000,2023-05-29-12.10.00.000000
17080,"1406","0507",0.00930000,0.01120000,"0.9300%","1.1200%",Other Retail,PD Band 6,"6","6","200010","202312",N,2023-05-29-12.10.00.000000,2024-01-29-13.42.00.000000
17082,"1406","0511",,,,,Residential Mortgage - Other Insured,PD Band 6,"6","6","200010","999912",Y,2023-05-29-12.10.00.000000,2023-05-29-12.10.00.000000
17490,"1406","0599",0.00250000,0.00460000,"0.25%","0.46%",No Exposure Class,PD Band 6,"6","6","202412","202512",N,2025-01-06-13.57.00.000000,2026-01-08-09.59.00.000000
17367,"1406","0599",0.00350000,0.00640000,"0.35%","0.64%",No Exposure Class,PD Band 6,"6","6","202401","202411",N,2024-01-29-13.42.00.000000,2024-12-13-13.57.00.000000
17370,"1407","0504",0.02360000,0.02710000,"2.36%","2.71%",Total QRRE,PD Band 7,"7","7","202401","202411",N,2024-01-29-13.42.00.000000,2024-12-13-13.57.00.000000
17096,"1407","0599",0.00930000,0.01120000,"0.9300%","1.1200%",No Exposure Class,PD Band 7,"7","7","200010","202312",N,2023-05-29-12.10.00.000000,2024-01-29-13.42.00.000000
17109,"1409","0500",,,,,Total Retail,PD Band 9,"9","9","200010","999912",Y,2023-05-29-12.10.00.000000,2023-05-29-12.10.00.000000
17502,"1409","0503",0.99830000,0.99830000,"99.83%","99.83%",HELOC,PD Band 9,"9","9","202412","999912",Y,2025-01-06-13.57.00.000000,2025-01-06-13.57.00.000000
17115,"1409","0506",,,,,LOC,PD Band 9,"9","9","200010","999912",Y,2023-05-29-12.10.00.000000,2023-05-29-12.10.00.000000
17504,"1409","0507",0.03850000,0.04330000,"3.85%","4.33%",Other Retail,PD Band 9,"9","9","202412","202512",N,2025-01-06-13.57.00.000000,2026-01-08-09.59.00.000000
17581,"1409","0599",0.00760000,0.00980000,"0.76%","0.98%",No Exposure Class,PD Band 9,"9","9","202601","999912",Y,2026-01-08-09.59.00.000000,2026-01-08-09.59.00.000000
17121,"1410","0500",,,,,Total Retail,PD Band 10,"10","10","200010","999912",Y,2023-05-29-12.10.00.000000,2023-05-29-12.10.00.000000
17582,"1410","0502",0.20350000,0.99840000,"20.35%","99.84%",Mortgage,PD Band 10,"10","10","202601","999912",Y,2026-01-08-09.59.00.000000,2026-01-08-09.59.00.000000
17123,"1410","0502",0.08490000,0.11910000,"8.4900%","11.9100%",Mortgage,PD Band 10,"10","10","200010","202312",N,2023-05-29-12.10.00.000000,2024-01-29-13.42.00.000000
17588,"1411","0599",0.01310000,0.01560000,"1.31%","1.56%",No Exposure Class,PD Band 11,"11","11","202601","999912",Y,2026-01-08-09.59.00.000000,2026-01-08-09.59.00.000000
17516,"1412","0507",0.08450000,0.17850000,"8.45%","17.85%",Other Retail,PD Band 12,"12","12","202412","202512",N,2025-01-06-13.57.00.000000,2026-01-08-09.59.00.000000
17152,"1412","0507",0.08800000,0.14160000,"8.8000%","14.1600%",Other Retail,PD Band 12,"12","12","200010","202312",N,2023-05-29-12.10.00.000000,2024-01-29-13.42.00.000000
17156,"1412","0599",0.05710000,0.07920000,"5.7100%","7.9200%",No Exposure Class,PD Band 12,"12","12","200010","202312",N,2023-05-29-12.10.00.000000,2024-01-29-13.42.00.000000
17158,"1413","0501",,,,,Mortgage and HELOC,PD Band 13,"13","13","200010","999912",Y,2023-05-29-12.10.00.000000,2023-05-29-12.10.00.000000
17592,"1413","0504",0.07680000,0.13250000,"7.68%","13.25%",Total QRRE,PD Band 13,"13","13","202601","999912",Y,2026-01-08-09.59.00.000000,2026-01-08-09.59.00.000000
17162,"1413","0505",,,,,Credit Card,PD Band 13,"13","13","200010","999912",Y,2023-05-29-12.10.00.000000,2023-05-29-12.10.00.000000
17164,"1413","0507",0.14170000,0.19430000,"14.1700%","19.4300%",Other Retail,PD Band 13,"13","13","200010","202312",N,2023-05-29-12.10.00.000000,2024-01-29-13.42.00.000000
17401,"1413","0507",0.17500000,0.18030000,"17.50%","18.03%",Other Retail,PD Band 13,"13","13","202401","202411",N,2024-01-29-13.42.00.000000,2024-12-13-13.57.00.000000
17169,"1414","0500",,,,,Total Retail,PD Band 14,"14","14","200010","999912",Y,2023-05-29-12.10.00.000000,2023-05-29-12.10.00.000000
17595,"1414","0504",0.13260000,0.17650000,"13.26%","17.65%",Total QRRE,PD Band 14,"14","14","202601","999912",Y,2026-01-08-09.59.00.000000,2026-01-08-09.59.00.000000
17174,"1414","0505",,,,,Credit Card,PD Band 14,"14","14","200010","999912",Y,2023-05-29-12.10.00.000000,2023-05-29-12.10.00.000000
17407,"1414","0599",0.07920000,0.09900000,"7.92%","9.90%",No Exposure Class,PD Band 14,"14","14","202401","202411",N,2024-01-29-13.42.00.000000,2024-12-13-13.57.00.000000
17598,"1415","0504",0.17660000,0.23990000,"17.66%","23.99%",Total QRRE,PD Band 15,"15","15","202601","999912",Y,2026-01-08-09.59.00.000000,2026-01-08-09.59.00.000000
17185,"1415","0504",0.28190000,0.48930000,"28.1900%","48.9300%",Total QRRE,PD Band 15,"15","15","200010","202312",N,2023-05-29-12.10.00.000000,2024-01-29-13.42.00.000000
17188,"1415","0507",0.20170000,0.38330000,"20.1700%","38.3300%",Other Retail,PD Band 15,"15","15","200010","202312",N,2023-05-29-12.10.00.000000,2024-01-29-13.42.00.000000
17192,"1415","0599",0.12220000,0.14160000,"12.2200%","14.1600%",No Exposure Class,PD Band 15,"15","15","200010","202312",N,2023-05-29-12.10.00.000000,2024-01-29-13.42.00.000000
17413,"1416","0502",0.99900000,0.99900000,"99.90%","99.90%",Mortgage,PD Band 16,"16","16","202401","999912",Y,2024-01-29-13.42.00.000000,2024-01-29-13.42.00.000000
17207,"1417","0502",0.99910000,0.99910000,"99.9100%","99.9100%",Mortgage,PD Band 17,"17","17","200010","202312",N,2023-05-29-12.10.00.000000,2024-01-29-13.42.00.000000
17209,"1417","0504",0.60750000,0.80200000,"60.7500%","80.2000%",Total QRRE,PD Band 17,"17","17","200010","202312",N,2023-05-29-12.10.00.000000,2024-01-29-13.42.00.000000
17605,"1417","0507",0.06030000,0.07500000,"6.03%","7.50%",Other Retail,PD Band 17,"17","17","202601","999912",Y,2026-01-08-09.59.00.000000,2026-01-08-09.59.00.000000
17423,"1418","0502",0.99920000,0.99920000,"99.92%","99.92%",Mortgage,PD Band 18,"18","18","202401","999912",Y,2024-01-29-13.42.00.000000,2024-01-29-13.42.00.000000
17220,"1418","0503",0.99920000,0.99920000,"99.9200%","99.9200%",HELOC,PD Band 18,"18","18","200010","202312",N,2023-05-29-12.10.00.000000,2024-01-29-13.42.00.000000
17222,"1418","0505",,,,,Credit Card,PD Band 18,"18","18","200010","999912",Y,2023-05-29-12.10.00.000000,2023-05-29-12.10.00.000000
17428,"1419","0502",0.99930000,0.99930000,"99.93%","99.93%",Mortgage,PD Band 19,"19","19","202401","999912",Y,2024-01-29-13.42.00.000000,2024-01-29-13.42.00.000000
17430,"1419","0504",0.86430000,0.95890000,"86.43%","95.89%",Total QRRE,PD Band 19,"19","19","202401","202411",N,2024-01-29-13.42.00.000000,2024-12-13-13.57.00.000000
17612,"1419","0599",0.11630000,0.17630000,"11.63%","17.63%",No Exposure Class,PD Band 19,"19","19","202601","999912",Y,2026-01-08-09.59.00.000000,2026-01-08-09.59.00.000000
17244,"1420","0503",0.99940000,0.99940000,"99.9400%","99.9400%",HELOC,PD Band 20,"20","20","200010","202312",N,2023-05-29-12.10.00.000000,2024-01-29-13.42.00.000000
17246,"1420","0505",,,,,Credit Card,PD Band 20,"20","20","200010","999912",Y,2023-05-29-12.10.00.000000,2023-05-29-12.10.00.000000
17250,"1420","0511",,,,,Residential Mortgage - Other Insured,PD Band 20,"20","20","200010","999912",Y,2023-05-29-12.10.00.000000,2023-05-29-12.10.00.000000
17616,"1421","0504",0.95600000,0.99950000,"95.60%","99.95%",Total QRRE,PD Band 21,"21","21","202601","999912",Y,2026-01-08-09.59.00.000000,2026-01-08-09.59.00.000000
17001,"1400","0500",,,,,Total Retail,Total PD Band,,,"200010","999912",Y,2023-05-29-12.10.00.000000,2023-05-29-12.10.00.000000
17339,"1401","0503",0.00050000,0.00050000,"0.05%","0.05%",HELOC,PD Band 1,"1","1","202401","999912",Y,2024-01-29-13.42.00.000000,2024-01-29-13.42.00.000000
17344,"1402","0503",0.00060000,0.00150000,"0.06%","0.15%",HELOC,PD Band 2,"2","2","202401","202411",N,2024-01-29-13.42.00.000000,2024-12-13-13.57.00.000000
17348,"1403","0502",0.00100000,0.00190000,"0.10%","0.19%",Mortgage,PD Band 3,"3","3","202401","202512",N,2024-01-29-13.42.00.000000,2026-01-08-09.59.00.000000
17045,"1403","0510",,,,,Residential Mortgage - CMHC Insured,PD Band 3,"3","3","200010","999912",Y,2023-05-29-12.10.00.000000,2023-05-29-12.10.00.000000
17475,"1403","0599",0.00090000,0.00090000,"0.09%","0.09%",No Exposure Class,PD Band 3,"3","3","202412","202512",N,2025-01-06-13.57.00.000000,2026-01-08-09.59.00.000000
17476,"1404","0502",0.00200000,0.00460000,"0.20%","0.46%",Mortgage,PD Band 4,"4","4","202412","202512",N,2025-01-06-13.57.00.000000,2026-01-08-09.59.00.000000
17051,"1404","0502",0.00200000,0.00440000,"0.2000%","0.4400%",Mortgage,PD Band 4,"4","4","200010","202312",N,2023-05-29-12.10.00.000000,2024-01-29-13.42.00.000000
17059,"1404","0512",,,,,Residential Mortgage - Non-Insured,PD Band 4,"4","4","200010","999912",Y,2023-05-29-12.10.00.000000,2023-05-29-12.10.00.000000
17061,"1405","0500",,,,,Total Retail,PD Band 5,"5","5","200010","999912",Y,2023-05-29-12.10.00.000000,2023-05-29-12.10.00.000000
17065,"1405","0504",0.00700000,0.01220000,"0.7000%","1.2200%",Total QRRE,PD Band 5,"5","5","200010","202312",N,2023-05-29-12.10.00.000000,2024-01-29-13.42.00.000000
17067,"1405","0506",,,,,LOC,PD Band 5,"5","5","200010","999912",Y,2023-05-29-12.10.00.000000,2023-05-29-12.10.00.000000
17564,"1405","0507",0.00300000,0.00610000,"0.30%","0.61%",Other Retail,PD Band 5,"5","5","202601","999912",Y,2026-01-08-09.59.00.000000,2026-01-08-09.59.00.000000
17486,"1406","0502",0.00720000,0.01900000,"0.72%","1.90%",Mortgage,PD Band 6,"6","6","202412","202512",N,2025-01-06-13.57.00.000000,2026-01-08-09.59.00.000000
17075,"1406","0502",0.00690000,0.01690000,"0.6900%","1.6900%",Mortgage,PD Band 6,"6","6","200010","202312",N,2023-05-29-12.10.00.000000,2024-01-29-13.42.00.000000
17079,"1406","0506",,,,,LOC,PD Band 6,"6","6","200010","999912",Y,2023-05-29-12.10.00.000000,2023-05-29-12.10.00.000000
17081,"1406","0510",,,,,Residential Mortgage - CMHC Insured,PD Band 6,"6","6","200010","999912",Y,2023-05-29-12.10.00.000000,2023-05-29-12.10.00.000000
17091,"1407","0506",,,,,LOC,PD Band 7,"7","7","200010","999912",Y,2023-05-29-12.10.00.000000,2023-05-29-12.10.00.000000
17573,"1407","0599",0.00570000,0.00670000,"0.57%","0.67%",No Exposure Class,PD Band 7,"7","7","202601","999912",Y,2026-01-08-09.59.00.000000,2026-01-08-09.59.00.000000
17373,"1408","0502",0.02380000,0.08710000,"2.38%","8.71%",Mortgage,PD Band 8,"8","8","202401","202411",N,2024-01-29-13.42.00.000000,2024-12-13-13.57.00.000000
17378,"1409","0502",0.08720000,0.10010000,"8.72%","10.01%",Mortgage,PD Band 9,"9","9","202401","202411",N,2024-01-29-13.42.00.000000,2024-12-13-13.57.00.000000
17112,"1409","0503",0.74570000,0.99830000,"74.5700%","99.8300%",HELOC,PD Band 9,"9","9","200010","202312",N,2023-05-29-12.10.00.000000,2024-01-29-13.42.00.000000
17585,"1410","0599",0.00990000,0.01300000,"0.99%","1.30%",No Exposure Class,PD Band 10,"10","10","202601","999912",Y,2026-01-08-09.59.00.000000,2026-01-08-09.59.00.000000
17139,"1411","0506",,,,,LOC,PD Band 11,"11","11","200010","999912",Y,2023-05-29-12.10.00.000000,2023-05-29-12.10.00.000000
17590,"1412","0507",0.01670000,0.02660000,"1.67%","2.66%",Other Retail,PD Band 12,"12","12","202601","999912",Y,2026-01-08-09.59.00.000000,2026-01-08-09.59.00.000000
17517,"1412","0599",0.01910000,0.02410000,"1.91%","2.41%",No Exposure Class,PD Band 12,"12","12","202412","202512",N,2025-01-06-13.57.00.000000,2026-01-08-09.59.00.000000
17159,"1413","0502",0.52970000,0.99870000,"52.9700%","99.8700%",Mortgage,PD Band 13,"13","13","200010","202312",N,2023-05-29-12.10.00.000000,2024-01-29-13.42.00.000000
17405,"1414","0504",0.27660000,0.28980000,"27.66%","28.98%",Total QRRE,PD Band 14,"14","14","202401","202411",N,2024-01-29-13.42.00.000000,2024-12-13-13.57.00.000000
17408,"1415","0502",0.99890000,0.99890000,"99.89%","99.89%",Mortgage,PD Band 15,"15","15","202401","999912",Y,2024-01-29-13.42.00.000000,2024-01-29-13.42.00.000000
17194,"1416","0501",,,,,Mortgage and HELOC,PD Band 16,"16","16","200010","999912",Y,2023-05-29-12.10.00.000000,2023-05-29-12.10.00.000000
17216,"1417","0599",0.14390000,0.19430000,"14.3900%","19.4300%",No Exposure Class,PD Band 17,"17","17","200010","202312",N,2023-05-29-12.10.00.000000,2024-01-29-13.42.00.000000
17223,"1418","0506",,,,,LOC,PD Band 18,"18","18","200010","999912",Y,2023-05-29-12.10.00.000000,2023-05-29-12.10.00.000000
17535,"1418","0507",0.51610000,0.99920000,"51.61%","99.92%",Other Retail,PD Band 18,"18","18","202412","202512",N,2025-01-06-13.57.00.000000,2026-01-08-09.59.00.000000
17611,"1419","0507",0.08050000,0.17630000,"8.05%","17.63%",Other Retail,PD Band 19,"19","19","202601","999912",Y,2026-01-08-09.59.00.000000,2026-01-08-09.59.00.000000
17433,"1420","0502",0.99940000,0.99940000,"99.94%","99.94%",Mortgage,PD Band 20,"20","20","202401","999912",Y,2024-01-29-13.42.00.000000,2024-01-29-13.42.00.000000
17245,"1420","0504",0.94730000,0.94730000,"94.7300%","94.7300%",Total QRRE,PD Band 20,"20","20","200010","202312",N,2023-05-29-12.10.00.000000,2024-01-29-13.42.00.000000
17540,"1420","0599",0.22050000,0.28200000,"22.05%","28.20%",No Exposure Class,PD Band 20,"20","20","202412","202512",N,2025-01-06-13.57.00.000000,2026-01-08-09.59.00.000000
17437,"1420","0599",0.37140000,0.51090000,"37.14%","51.09%",No Exposure Class,PD Band 20,"20","20","202401","202411",N,2024-01-29-13.42.00.000000,2024-12-13-13.57.00.000000
17440,"1421","0504",0.99950000,0.99950000,"99.95%","99.95%",Total QRRE,PD Band 21,"21","21","202401","202411",N,2024-01-29-13.42.00.000000,2024-12-13-13.57.00.000000
17444,"1422","0503",0.99960000,0.99960000,"99.96%","99.96%",HELOC,PD Band 22,"22","22","202401","999912",Y,2024-01-29-13.42.00.000000,2024-01-29-13.42.00.000000
17619,"1422","0507",0.21510000,0.27580000,"21.51%","27.58%",Other Retail,PD Band 22,"22","22","202601","999912",Y,2026-01-08-09.59.00.000000,2026-01-08-09.59.00.000000
17273,"1422","0510",,,,,Residential Mortgage - CMHC Insured,PD Band 22,"22","22","200010","999912",Y,2023-05-29-12.10.00.000000,2023-05-29-12.10.00.000000
17278,"1423","0501",,,,,Mortgage and HELOC,PD Band 23,"23","23","200010","999912",Y,2023-05-29-12.10.00.000000,2023-05-29-12.10.00.000000
17622,"1423","0599",0.36530000,0.46360000,"36.53%","46.36%",No Exposure Class,PD Band 23,"23","23","202601","999912",Y,2026-01-08-09.59.00.000000,2026-01-08-09.59.00.000000
17292,"1424","0503",0.99980000,0.99980000,"99.9800%","99.9800%",HELOC,PD Band 24,"24","24","200010","202312",N,2023-05-29-12.10.00.000000,2024-01-29-13.42.00.000000
17296,"1424","0507",0.99980000,0.99980000,"99.9800%","99.9800%",Other Retail,PD Band 24,"24","24","200010","202312",N,2023-05-29-12.10.00.000000,2024-01-29-13.42.00.000000
17299,"1424","0512",,,,,Residential Mortgage - Non-Insured,PD Band 24,"24","24","200010","999912",Y,2023-05-29-12.10.00.000000,2023-05-29-12.10.00.000000
17460,"1425","0504",0.99990000,0.99990000,"99.99%","99.99%",Total QRRE,PD Band 25,"25","25","202401","999912",Y,2024-01-29-13.42.00.000000,2024-01-29-13.42.00.000000
17462,"1425","0599",0.95900000,0.99990000,"95.90%","99.99%",No Exposure Class,PD Band 25,"25","25","202401","202411",N,2024-01-29-13.42.00.000000,2024-12-13-13.57.00.000000
17316,"1426","0503",1.00000000,1.00000000,"100.0000%","100.0000%",HELOC,Defaulted - 100%,"26","26","200010","202312",N,2023-05-29-12.10.00.000000,2024-01-29-13.42.00.000000
17467,"1426","0599",1.00000000,1.00000000,"100.00%","100.00%",No Exposure Class,Defaulted - 100%,"26","26","202401","999912",Y,2024-01-29-13.42.00.000000,2024-01-29-13.42.00.000000
17330,"1499","0504",-2.00000000,-2.00000000,,,Total QRRE,No PD Band,,,"200010","999912",Y,2023-05-29-12.10.00.000000,2023-05-29-12.10.00.000000
17332,"1499","0506",,,,,LOC,No PD Band,,,"200010","999912",Y,2023-05-29-12.10.00.000000,2023-05-29-12.10.00.000000
17338,"1401","0502",0.00050000,0.00050000,"0.05%","0.05%",Mortgage,PD Band 1,"1","1","202401","999912",Y,2024-01-29-13.42.00.000000,2024-01-29-13.42.00.000000
17468,"1402","0503",0.00060000,0.00140000,"0.06%","0.14%",HELOC,PD Band 2,"2","2","202412","202512",N,2025-01-06-13.57.00.000000,2026-01-08-09.59.00.000000
17345,"1402","0504",0.00110000,0.00430000,"0.11%","0.43%",Total QRRE,PD Band 2,"2","2","202401","202411",N,2024-01-29-13.42.00.000000,2024-12-13-13.57.00.000000
17038,"1403","0501",,,,,Mortgage and HELOC,PD Band 3,"3","3","200010","999912",Y,2023-05-29-12.10.00.000000,2023-05-29-12.10.00.000000
17040,"1403","0503",0.00160000,0.00720000,"0.1600%","0.7200%",HELOC,PD Band 3,"3","3","200010","202312",N,2023-05-29-12.10.00.000000,2024-01-29-13.42.00.000000
17473,"1403","0504",0.00120000,0.00460000,"0.12%","0.46%",Total QRRE,PD Band 3,"3","3","202412","202512",N,2025-01-06-13.57.00.000000,2026-01-08-09.59.00.000000
17042,"1403","0505",,,,,Credit Card,PD Band 3,"3","3","200010","999912",Y,2023-05-29-12.10.00.000000,2023-05-29-12.10.00.000000
17474,"1403","0507",0.00100000,0.00240000,"0.10%","0.24%",Other Retail,PD Band 3,"3","3","202412","202512",N,2025-01-06-13.57.00.000000,2026-01-08-09.59.00.000000
17044,"1403","0507",0.00100000,0.00320000,"0.1000%","0.3200%",Other Retail,PD Band 3,"3","3","200010","202312",N,2023-05-29-12.10.00.000000,2024-01-29-13.42.00.000000
17047,"1403","0512",,,,,Residential Mortgage - Non-Insured,PD Band 3,"3","3","200010","999912",Y,2023-05-29-12.10.00.000000,2023-05-29-12.10.00.000000
17060,"1404","0599",0.00100000,0.00320000,"0.1000%","0.3200%",No Exposure Class,PD Band 4,"4","4","200010","202312",N,2023-05-29-12.10.00.000000,2024-01-29-13.42.00.000000
17561,"1405","0502",0.00340000,0.00710000,"0.34%","0.71%",Mortgage,PD Band 5,"5","5","202601","999912",Y,2026-01-08-09.59.00.000000,2026-01-08-09.59.00.000000
17565,"1405","0599",0.00210000,0.00290000,"0.21%","0.29%",No Exposure Class,PD Band 5,"5","5","202601","999912",Y,2026-01-08-09.59.00.000000,2026-01-08-09.59.00.000000
17362,"1405","0599",0.00200000,0.00340000,"0.20%","0.34%",No Exposure Class,PD Band 5,"5","5","202401","202411",N,2024-01-29-13.42.00.000000,2024-12-13-13.57.00.000000
17566,"1406","0502",0.00720000,0.01870000,"0.72%","1.87%",Mortgage,PD Band 6,"6","6","202601","999912",Y,2026-01-08-09.59.00.000000,2026-01-08-09.59.00.000000
17084,"1406","0599",0.00630000,0.00920000,"0.6300%","0.9200%",No Exposure Class,PD Band 6,"6","6","200010","202312",N,2023-05-29-12.10.00.000000,2024-01-29-13.42.00.000000
17086,"1407","0501",,,,,Mortgage and HELOC,PD Band 7,"7","7","200010","999912",Y,2023-05-29-12.10.00.000000,2023-05-29-12.10.00.000000
17570,"1407","0502",0.01880000,0.02450000,"1.88%","2.45%",Mortgage,PD Band 7,"7","7","202601","999912",Y,2026-01-08-09.59.00.000000,2026-01-08-09.59.00.000000
17368,"1407","0502",0.01870000,0.02370000,"1.87%","2.37%",Mortgage,PD Band 7,"7","7","202401","202411",N,2024-01-29-13.42.00.000000,2024-12-13-13.57.00.000000
17493,"1407","0504",0.01520000,0.02410000,"1.52%","2.41%",Total QRRE,PD Band 7,"7","7","202412","202512",N,2025-01-06-13.57.00.000000,2026-01-08-09.59.00.000000
17090,"1407","0505",,,,,Credit Card,PD Band 7,"7","7","200010","999912",Y,2023-05-29-12.10.00.000000,2023-05-29-12.10.00.000000
17572,"1407","0507",0.00670000,0.00850000,"0.67%","0.85%",Other Retail,PD Band 7,"7","7","202601","999912",Y,2026-01-08-09.59.00.000000,2026-01-08-09.59.00.000000
17094,"1407","0511",,,,,Residential Mortgage - Other Insured,PD Band 7,"7","7","200010","999912",Y,2023-05-29-12.10.00.000000,2023-05-29-12.10.00.000000
17097,"1408","0500",,,,,Total Retail,PD Band 8,"8","8","200010","999912",Y,2023-05-29-12.10.00.000000,2023-05-29-12.10.00.000000
17099,"1408","0502",0.01980000,0.05590000,"1.9800%","5.5900%",Mortgage,PD Band 8,"8","8","200010","202312",N,2023-05-29-12.10.00.000000,2024-01-29-13.42.00.000000
17106,"1408","0511",,,,,Residential Mortgage - Other Insured,PD Band 8,"8","8","200010","999912",Y,2023-05-29-12.10.00.000000,2023-05-29-12.10.00.000000
17577,"1408","0599",0.00680000,0.00750000,"0.68%","0.75%",No Exposure Class,PD Band 8,"8","8","202601","999912",Y,2026-01-08-09.59.00.000000,2026-01-08-09.59.00.000000
17116,"1409","0507",0.03750000,0.03840000,"3.7500%","3.8400%",Other Retail,PD Band 9,"9","9","200010","202312",N,2023-05-29-12.10.00.000000,2024-01-29-13.42.00.000000
17120,"1409","0599",0.02160000,0.03740000,"2.1600%","3.7400%",No Exposure Class,PD Band 9,"9","9","200010","202312",N,2023-05-29-12.10.00.000000,2024-01-29-13.42.00.000000
17124,"1410","0503",0.99840000,0.99840000,"99.8400%","99.8400%",HELOC,PD Band 10,"10","10","200010","202312",N,2023-05-29-12.10.00.000000,2024-01-29-13.42.00.000000
17130,"1410","0511",,,,,Residential Mortgage - Other Insured,PD Band 10,"10","10","200010","999912",Y,2023-05-29-12.10.00.000000,2023-05-29-12.10.00.000000
17511,"1411","0504",0.06360000,0.10060000,"6.36%","10.06%",Total QRRE,PD Band 11,"11","11","202412","202512",N,2025-01-06-13.57.00.000000,2026-01-08-09.59.00.000000
17137,"1411","0504",0.10060000,0.12210000,"10.0600%","12.2100%",Total QRRE,PD Band 11,"11","11","200010","202312",N,2023-05-29-12.10.00.000000,2024-01-29-13.42.00.000000
17149,"1412","0504",0.12220000,0.14380000,"12.2200%","14.3800%",Total QRRE,PD Band 12,"12","12","200010","202312",N,2023-05-29-12.10.00.000000,2024-01-29-13.42.00.000000
17160,"1413","0503",0.99870000,0.99870000,"99.8700%","99.8700%",HELOC,PD Band 13,"13","13","200010","202312",N,2023-05-29-12.10.00.000000,2024-01-29-13.42.00.000000
17171,"1414","0502",0.99880000,0.99880000,"99.8800%","99.8800%",Mortgage,PD Band 14,"14","14","200010","202312",N,2023-05-29-12.10.00.000000,2024-01-29-13.42.00.000000
17597,"1414","0599",0.02670000,0.03630000,"2.67%","3.63%",No Exposure Class,PD Band 14,"14","14","202601","999912",Y,2026-01-08-09.59.00.000000,2026-01-08-09.59.00.000000
17181,"1415","0500",,,,,Total Retail,PD Band 15,"15","15","200010","999912",Y,2023-05-29-12.10.00.000000,2023-05-29-12.10.00.000000
17195,"1416","0502",0.99900000,0.99900000,"99.9000%","99.9000%",Mortgage,PD Band 16,"16","16","200010","202312",N,2023-05-29-12.10.00.000000,2024-01-29-13.42.00.000000
17199,"1416","0506",,,,,LOC,PD Band 16,"16","16","200010","999912",Y,2023-05-29-12.10.00.000000,2023-05-29-12.10.00.000000
17417,"1416","0599",0.13110000,0.18030000,"13.11%","18.03%",No Exposure Class,PD Band 16,"16","16","202401","202411",N,2024-01-29-13.42.00.000000,2024-12-13-13.57.00.000000
17532,"1417","0507",0.50760000,0.51600000,"50.76%","51.60%",Other Retail,PD Band 17,"17","17","202412","202512",N,2025-01-06-13.57.00.000000,2026-01-08-09.59.00.000000
17224,"1418","0507",0.51450000,0.99920000,"51.4500%","99.9200%",Other Retail,PD Band 18,"18","18","200010","202312",N,2023-05-29-12.10.00.000000,2024-01-29-13.42.00.000000
17240,"1419","0599",0.25930000,0.38330000,"25.9300%","38.3300%",No Exposure Class,PD Band 19,"19","19","200010","202312",N,2023-05-29-12.10.00.000000,2024-01-29-13.42.00.000000
17434,"1420","0503",0.99940000,0.99940000,"99.94%","99.94%",HELOC,PD Band 20,"20","20","202401","999912",Y,2024-01-29-13.42.00.000000,2024-01-29-13.42.00.000000
17613,"1420","0504",0.81920000,0.95590000,"81.92%","95.59%",Total QRRE,PD Band 20,"20","20","202601","999912",Y,2026-01-08-09.59.00.000000,2026-01-08-09.59.00.000000
17248,"1420","0507",0.99940000,0.99940000,"99.9400%","99.9400%",Other Retail,PD Band 20,"20","20","200010","202312",N,2023-05-29-12.10.00.000000,2024-01-29-13.42.00.000000
17254,"1421","0501",,,,,Mortgage and HELOC,PD Band 21,"21","21","200010","999912",Y,2023-05-29-12.10.00.000000,2023-05-29-12.10.00.000000
17258,"1421","0505",,,,,Credit Card,PD Band 21,"21","21","200010","999912",Y,2023-05-29-12.10.00.000000,2023-05-29-12.10.00.000000
17262,"1421","0511",,,,,Residential Mortgage - Other Insured,PD Band 21,"21","21","200010","999912",Y,2023-05-29-12.10.00.000000,2023-05-29-12.10.00.000000
17264,"1421","0599",0.47430000,0.51440000,"47.4300%","51.4400%",No Exposure Class,PD Band 21,"21","21","200010","202312",N,2023-05-29-12.10.00.000000,2024-01-29-13.42.00.000000
17543,"1422","0599",0.37580000,0.51600000,"37.58%","51.60%",No Exposure Class,PD Band 22,"22","22","202412","202512",N,2025-01-06-13.57.00.000000,2026-01-08-09.59.00.000000
17277,"1423","0500",,,,,Total Retail,PD Band 23,"23","23","200010","999912",Y,2023-05-29-12.10.00.000000,2023-05-29-12.10.00.000000
17448,"1423","0502",0.99970000,0.99970000,"99.97%","99.97%",Mortgage,PD Band 23,"23","23","202401","999912",Y,2024-01-29-13.42.00.000000,2024-01-29-13.42.00.000000
17450,"1423","0504",0.99970000,0.99970000,"99.97%","99.97%",Total QRRE,PD Band 23,"23","23","202401","999912",Y,2024-01-29-13.42.00.000000,2024-01-29-13.42.00.000000
17284,"1423","0507",0.99970000,0.99970000,"99.9700%","99.9700%",Other Retail,PD Band 23,"23","23","200010","202312",N,2023-05-29-12.10.00.000000,2024-01-29-13.42.00.000000
17289,"1424","0500",,,,,Total Retail,PD Band 24,"24","24","200010","999912",Y,2023-05-29-12.10.00.000000,2023-05-29-12.10.00.000000
17545,"1424","0599",0.62940000,0.87370000,"62.94%","87.37%",No Exposure Class,PD Band 24,"24","24","202412","202512",N,2025-01-06-13.57.00.000000,2026-01-08-09.59.00.000000
17624,"1424","0599",0.46370000,0.52190000,"46.37%","52.19%",No Exposure Class,PD Band 24,"24","24","202601","999912",Y,2026-01-08-09.59.00.000000,2026-01-08-09.59.00.000000
17303,"1425","0502",0.99990000,0.99990000,"99.9900%","99.9900%",Mortgage,PD Band 25,"25","25","200010","202312",N,2023-05-29-12.10.00.000000,2024-01-29-13.42.00.000000
17459,"1425","0503",0.99990000,0.99990000,"99.99%","99.99%",HELOC,PD Band 25,"25","25","202401","999912",Y,2024-01-29-13.42.00.000000,2024-01-29-13.42.00.000000
17307,"1425","0506",,,,,LOC,PD Band 25,"25","25","200010","999912",Y,2023-05-29-12.10.00.000000,2023-05-29-12.10.00.000000
17461,"1425","0507",0.99990000,0.99990000,"99.99%","99.99%",Other Retail,PD Band 25,"25","25","202401","202512",N,2024-01-29-13.42.00.000000,2026-01-08-09.59.00.000000
17317,"1426","0504",1.00000000,1.00000000,"100.0000%","100.0000%",Total QRRE,Defaulted - 100%,"26","26","200010","202312",N,2023-05-29-12.10.00.000000,2024-01-29-13.42.00.000000
17466,"1426","0507",1.00000000,1.00000000,"100.00%","100.00%",Other Retail,Defaulted - 100%,"26","26","202401","999912",Y,2024-01-29-13.42.00.000000,2024-01-29-13.42.00.000000
17337,"1499","0599",-2.00000000,-2.00000000,,,No Exposure Class,No PD Band,,,"200010","999912",Y,2023-05-29-12.10.00.000000,2023-05-29-12.10.00.000000
17004,"1400","0503",-1.00000000,-1.00000000,,,HELOC,Total PD Band,,,"200010","999912",Y,2023-05-29-12.10.00.000000,2023-05-29-12.10.00.000000
17006,"1400","0505",,,,,Credit Card,Total PD Band,,,"200010","999912",Y,2023-05-29-12.10.00.000000,2023-05-29-12.10.00.000000
17010,"1400","0511",,,,,Residential Mortgage - Other Insured,Total PD Band,,,"200010","999912",Y,2023-05-29-12.10.00.000000,2023-05-29-12.10.00.000000
17341,"1401","0507",0.00050000,0.00050000,"0.05%","0.05%",Other Retail,PD Band 1,"1","1","202401","999912",Y,2024-01-29-13.42.00.000000,2024-01-29-13.42.00.000000
17020,"1401","0507",0.00050000,0.00050000,"0.0500%","0.0500%",Other Retail,PD Band 1,"1","1","200010","202312",N,2023-05-29-12.10.00.000000,2024-01-29-13.42.00.000000
17025,"1402","0500",,,,,Total Retail,PD Band 2,"2","2","200010","999912",Y,2023-05-29-12.10.00.000000,2023-05-29-12.10.00.000000
17032,"1402","0507",0.00060000,0.00090000,"0.0600%","0.0900%",Other Retail,PD Band 2,"2","2","200010","202312",N,2023-05-29-12.10.00.000000,2024-01-29-13.42.00.000000
17471,"1402","0599",0.00060000,0.00080000,"0.06%","0.08%",No Exposure Class,PD Band 2,"2","2","202412","202512",N,2025-01-06-13.57.00.000000,2026-01-08-09.59.00.000000
17037,"1403","0500",,,,,Total Retail,PD Band 3,"3","3","200010","999912",Y,2023-05-29-12.10.00.000000,2023-05-29-12.10.00.000000
17039,"1403","0502",0.00090000,0.00190000,"0.0900%","0.1900%",Mortgage,PD Band 3,"3","3","200010","202312",N,2023-05-29-12.10.00.000000,2024-01-29-13.42.00.000000
17555,"1403","0599",0.00080000,0.00130000,"0.08%","0.13%",No Exposure Class,PD Band 3,"3","3","202601","999912",Y,2026-01-08-09.59.00.000000,2026-01-08-09.59.00.000000
17048,"1403","0599",0.00090000,0.00090000,"0.0900%","0.0900%",No Exposure Class,PD Band 3,"3","3","200010","202312",N,2023-05-29-12.10.00.000000,2024-01-29-13.42.00.000000
17355,"1404","0504",0.00510000,0.00760000,"0.51%","0.76%",Total QRRE,PD Band 4,"4","4","202401","202411",N,2024-01-29-13.42.00.000000,2024-12-13-13.57.00.000000
17063,"1405","0502",0.00450000,0.00680000,"0.4500%","0.6800%",Mortgage,PD Band 5,"5","5","200010","202312",N,2023-05-29-12.10.00.000000,2024-01-29-13.42.00.000000
17361,"1405","0507",0.00650000,0.00950000,"0.65%","0.95%",Other Retail,PD Band 5,"5","5","202401","202411",N,2024-01-29-13.42.00.000000,2024-12-13-13.57.00.000000
17071,"1405","0512",,,,,Residential Mortgage - Non-Insured,PD Band 5,"5","5","200010","999912",Y,2023-05-29-12.10.00.000000,2023-05-29-12.10.00.000000
17485,"1405","0599",0.00150000,0.00240000,"0.15%","0.24%",No Exposure Class,PD Band 5,"5","5","202412","202512",N,2025-01-06-13.57.00.000000,2026-01-08-09.59.00.000000
17077,"1406","0504",0.01230000,0.02150000,"1.2300%","2.1500%",Total QRRE,PD Band 6,"6","6","200010","202312",N,2023-05-29-12.10.00.000000,2024-01-29-13.42.00.000000
17489,"1406","0507",0.00980000,0.01210000,"0.98%","1.21%",Other Retail,PD Band 6,"6","6","202412","202512",N,2025-01-06-13.57.00.000000,2026-01-08-09.59.00.000000
17366,"1406","0507",0.00960000,0.01230000,"0.96%","1.23%",Other Retail,PD Band 6,"6","6","202401","202411",N,2024-01-29-13.42.00.000000,2024-12-13-13.57.00.000000
17089,"1407","0504",0.02160000,0.02440000,"2.1600%","2.4400%",Total QRRE,PD Band 7,"7","7","200010","202312",N,2023-05-29-12.10.00.000000,2024-01-29-13.42.00.000000
17371,"1407","0507",0.01240000,0.01700000,"1.24%","1.70%",Other Retail,PD Band 7,"7","7","202401","202411",N,2024-01-29-13.42.00.000000,2024-12-13-13.57.00.000000
17574,"1408","0502",0.02460000,0.11620000,"2.46%","11.62%",Mortgage,PD Band 8,"8","8","202601","999912",Y,2026-01-08-09.59.00.000000,2026-01-08-09.59.00.000000
17579,"1409","0504",0.02250000,0.02310000,"2.25%","2.31%",Total QRRE,PD Band 9,"9","9","202601","999912",Y,2026-01-08-09.59.00.000000,2026-01-08-09.59.00.000000
17114,"1409","0505",,,,,Credit Card,PD Band 9,"9","9","200010","999912",Y,2023-05-29-12.10.00.000000,2023-05-29-12.10.00.000000
17119,"1409","0512",,,,,Residential Mortgage - Non-Insured,PD Band 9,"9","9","200010","999912",Y,2023-05-29-12.10.00.000000,2023-05-29-12.10.00.000000
17382,"1409","0599",0.01240000,0.01700000,"1.24%","1.70%",No Exposure Class,PD Band 9,"9","9","202401","202411",N,2024-01-29-13.42.00.000000,2024-12-13-13.57.00.000000
17583,"1410","0504",0.02320000,0.03880000,"2.32%","3.88%",Total QRRE,PD Band 10,"10","10","202601","999912",Y,2026-01-08-09.59.00.000000,2026-01-08-09.59.00.000000
17125,"1410","0504",0.05710000,0.10050000,"5.7100%","10.0500%",Total QRRE,PD Band 10,"10","10","200010","202312",N,2023-05-29-12.10.00.000000,2024-01-29-13.42.00.000000
17131,"1410","0512",,,,,Residential Mortgage - Non-Insured,PD Band 10,"10","10","200010","999912",Y,2023-05-29-12.10.00.000000,2023-05-29-12.10.00.000000
17134,"1411","0501",,,,,Mortgage and HELOC,PD Band 11,"11","11","200010","999912",Y,2023-05-29-12.10.00.000000,2023-05-29-12.10.00.000000
17389,"1411","0503",0.99850000,0.99850000,"99.85%","99.85%",HELOC,PD Band 11,"11","11","202401","999912",Y,2024-01-29-13.42.00.000000,2024-01-29-13.42.00.000000
17136,"1411","0503",0.99850000,0.99850000,"99.8500%","99.8500%",HELOC,PD Band 11,"11","11","200010","202312",N,2023-05-29-12.10.00.000000,2024-01-29-13.42.00.000000
17586,"1411","0504",0.03890000,0.06010000,"3.89%","6.01%",Total QRRE,PD Band 11,"11","11","202601","999912",Y,2026-01-08-09.59.00.000000,2026-01-08-09.59.00.000000
17138,"1411","0505",,,,,Credit Card,PD Band 11,"11","11","200010","999912",Y,2023-05-29-12.10.00.000000,2023-05-29-12.10.00.000000
17512,"1411","0507",0.07770000,0.08440000,"7.77%","8.44%",Other Retail,PD Band 11,"11","11","202412","202512",N,2025-01-06-13.57.00.000000,2026-01-08-09.59.00.000000
17587,"1411","0507",0.01210000,0.01660000,"1.21%","1.66%",Other Retail,PD Band 11,"11","11","202601","999912",Y,2026-01-08-09.59.00.000000,2026-01-08-09.59.00.000000
17146,"1412","0501",,,,,Mortgage and HELOC,PD Band 12,"12","12","200010","999912",Y,2023-05-29-12.10.00.000000,2023-05-29-12.10.00.000000
17515,"1412","0504",0.10070000,0.13360000,"10.07%","13.36%",Total QRRE,PD Band 12,"12","12","202412","202512",N,2025-01-06-13.57.00.000000,2026-01-08-09.59.00.000000
17397,"1412","0599",0.03750000,0.04710000,"3.75%","4.71%",No Exposure Class,PD Band 12,"12","12","202401","202411",N,2024-01-29-13.42.00.000000,2024-12-13-13.57.00.000000
17400,"1413","0504",0.20780000,0.27650000,"20.78%","27.65%",Total QRRE,PD Band 13,"13","13","202401","202411",N,2024-01-29-13.42.00.000000,2024-12-13-13.57.00.000000
17163,"1413","0506",,,,,LOC,PD Band 13,"13","13","200010","999912",Y,2023-05-29-12.10.00.000000,2023-05-29-12.10.00.000000
17179,"1414","0512",,,,,Residential Mortgage - Non-Insured,PD Band 14,"14","14","200010","999912",Y,2023-05-29-12.10.00.000000,2023-05-29-12.10.00.000000
17524,"1414","0599",0.03850000,0.06350000,"3.85%","6.35%",No Exposure Class,PD Band 14,"14","14","202412","202512",N,2025-01-06-13.57.00.000000,2026-01-08-09.59.00.000000
17189,"1415","0510",,,,,Residential Mortgage - CMHC Insured,PD Band 15,"15","15","200010","999912",Y,2023-05-29-12.10.00.000000,2023-05-29-12.10.00.000000
17191,"1415","0512",,,,,Residential Mortgage - Non-Insured,PD Band 15,"15","15","200010","999912",Y,2023-05-29-12.10.00.000000,2023-05-29-12.10.00.000000
17196,"1416","0503",0.99900000,0.99900000,"99.9000%","99.9000%",HELOC,PD Band 16,"16","16","200010","202312",N,2023-05-29-12.10.00.000000,2024-01-29-13.42.00.000000
17416,"1416","0507",0.37960000,0.47610000,"37.96%","47.61%",Other Retail,PD Band 16,"16","16","202401","202411",N,2024-01-29-13.42.00.000000,2024-12-13-13.57.00.000000
17604,"1417","0504",0.28130000,0.52070000,"28.13%","52.07%",Total QRRE,PD Band 17,"17","17","202601","999912",Y,2026-01-08-09.59.00.000000,2026-01-08-09.59.00.000000
17606,"1417","0599",0.06780000,0.07670000,"6.78%","7.67%",No Exposure Class,PD Band 17,"17","17","202601","999912",Y,2026-01-08-09.59.00.000000,2026-01-08-09.59.00.000000
17219,"1418","0502",0.99920000,0.99920000,"99.9200%","99.9200%",Mortgage,PD Band 18,"18","18","200010","202312",N,2023-05-29-12.10.00.000000,2024-01-29-13.42.00.000000
17221,"1418","0504",0.80210000,0.88450000,"80.2100%","88.4500%",Total QRRE,PD Band 18,"18","18","200010","202312",N,2023-05-29-12.10.00.000000,2024-01-29-13.42.00.000000
17225,"1418","0510",,,,,Residential Mortgage - CMHC Insured,PD Band 18,"18","18","200010","999912",Y,2023-05-29-12.10.00.000000,2023-05-29-12.10.00.000000
17230,"1419","0501",,,,,Mortgage and HELOC,PD Band 19,"19","19","200010","999912",Y,2023-05-29-12.10.00.000000,2023-05-29-12.10.00.000000
17610,"1419","0504",0.52200000,0.81910000,"52.20%","81.91%",Total QRRE,PD Band 19,"19","19","202601","999912",Y,2026-01-08-09.59.00.000000,2026-01-08-09.59.00.000000
17237,"1419","0510",,,,,Residential Mortgage - CMHC Insured,PD Band 19,"19","19","200010","999912",Y,2023-05-29-12.10.00.000000,2023-05-29-12.10.00.000000
17538,"1419","0599",0.19710000,0.22040000,"19.71%","22.04%",No Exposure Class,PD Band 19,"19","19","202412","202512",N,2025-01-06-13.57.00.000000,2026-01-08-09.59.00.000000
17247,"1420","0506",,,,,LOC,PD Band 20,"20","20","200010","999912",Y,2023-05-29-12.10.00.000000,2023-05-29-12.10.00.000000
17251,"1420","0512",,,,,Residential Mortgage - Non-Insured,PD Band 20,"20","20","200010","999912",Y,2023-05-29-12.10.00.000000,2023-05-29-12.10.00.000000
17255,"1421","0502",0.99950000,0.99950000,"99.9500%","99.9500%",Mortgage,PD Band 21,"21","21","200010","202312",N,2023-05-29-12.10.00.000000,2024-01-29-13.42.00.000000
17263,"1421","0512",,,,,Residential Mortgage - Non-Insured,PD Band 21,"21","21","200010","999912",Y,2023-05-29-12.10.00.000000,2023-05-29-12.10.00.000000
17275,"1422","0512",,,,,Residential Mortgage - Non-Insured,PD Band 22,"22","22","200010","999912",Y,2023-05-29-12.10.00.000000,2023-05-29-12.10.00.000000
17298,"1424","0511",,,,,Residential Mortgage - Other Insured,PD Band 24,"24","24","200010","999912",Y,2023-05-29-12.10.00.000000,2023-05-29-12.10.00.000000
17458,"1425","0502",0.99990000,0.99990000,"99.99%","99.99%",Mortgage,PD Band 25,"25","25","202401","999912",Y,2024-01-29-13.42.00.000000,2024-01-29-13.42.00.000000
17310,"1425","0511",,,,,Residential Mortgage - Other Insured,PD Band 25,"25","25","200010","999912",Y,2023-05-29-12.10.00.000000,2023-05-29-12.10.00.000000
17465,"1426","0504",1.00000000,1.00000000,"100.00%","100.00%",Total QRRE,Defaulted - 100%,"26","26","202401","999912",Y,2024-01-29-13.42.00.000000,2024-01-29-13.42.00.000000
17327,"1499","0501",,,,,Mortgage and HELOC,No PD Band,,,"200010","999912",Y,2023-05-29-12.10.00.000000,2023-05-29-12.10.00.000000
17003,"1400","0502",-1.00000000,-1.00000000,,,Mortgage,Total PD Band,,,"200010","999912",Y,2023-05-29-12.10.00.000000,2023-05-29-12.10.00.000000
17017,"1401","0504",0.00100000,0.00100000,"0.1000%","0.1000%",Total QRRE,PD Band 1,"1","1","200010","202312",N,2023-05-29-12.10.00.000000,2024-01-29-13.42.00.000000
17547,"1402","0502",0.00060000,0.00070000,"0.06%","0.07%",Mortgage,PD Band 2,"2","2","202601","999912",Y,2026-01-08-09.59.00.000000,2026-01-08-09.59.00.000000
17028,"1402","0503",0.00060000,0.00150000,"0.0600%","0.1500%",HELOC,PD Band 2,"2","2","200010","202312",N,2023-05-29-12.10.00.000000,2024-01-29-13.42.00.000000
17441,"1421","0507",0.99950000,0.99950000,"99.95%","99.95%",Other Retail,PD Band 21,"21","21","202401","202512",N,2024-01-29-13.42.00.000000,2026-01-08-09.59.00.000000
17279,"1423","0502",0.99970000,0.99970000,"99.9700%","99.9700%",Mortgage,PD Band 23,"23","23","200010","202312",N,2023-05-29-12.10.00.000000,2024-01-29-13.42.00.000000
17281,"1423","0504",0.99970000,0.99970000,"99.9700%","99.9700%",Total QRRE,PD Band 23,"23","23","200010","202312",N,2023-05-29-12.10.00.000000,2024-01-29-13.42.00.000000
17544,"1423","0599",0.51610000,0.62930000,"51.61%","62.93%",No Exposure Class,PD Band 23,"23","23","202412","202512",N,2025-01-06-13.57.00.000000,2026-01-08-09.59.00.000000
17309,"1425","0510",,,,,Residential Mortgage - CMHC Insured,PD Band 25,"25","25","200010","999912",Y,2023-05-29-12.10.00.000000,2023-05-29-12.10.00.000000
17311,"1425","0512",,,,,Residential Mortgage - Non-Insured,PD Band 25,"25","25","200010","999912",Y,2023-05-29-12.10.00.000000,2023-05-29-12.10.00.000000
17313,"1426","0500",,,,,Total Retail,Defaulted - 100%,"26","26","200010","999912",Y,2023-05-29-12.10.00.000000,2023-05-29-12.10.00.000000
17464,"1426","0503",1.00000000,1.00000000,"100.00%","100.00%",HELOC,Defaulted - 100%,"26","26","202401","999912",Y,2024-01-29-13.42.00.000000,2024-01-29-13.42.00.000000
17319,"1426","0506",,,,,LOC,Defaulted - 100%,"26","26","200010","999912",Y,2023-05-29-12.10.00.000000,2023-05-29-12.10.00.000000
17331,"1499","0505",,,,,Credit Card,No PD Band,,,"200010","999912",Y,2023-05-29-12.10.00.000000,2023-05-29-12.10.00.000000
17008,"1400","0507",-1.00000000,-1.00000000,,,Other Retail,Total PD Band,,,"200010","999912",Y,2023-05-29-12.10.00.000000,2023-05-29-12.10.00.000000
17036,"1402","0599",0.00060000,0.00080000,"0.0600%","0.0800%",No Exposure Class,PD Band 2,"2","2","200010","202312",N,2023-05-29-12.10.00.000000,2024-01-29-13.42.00.000000
17551,"1403","0502",0.00080000,0.00180000,"0.08%","0.18%",Mortgage,PD Band 3,"3","3","202601","999912",Y,2026-01-08-09.59.00.000000,2026-01-08-09.59.00.000000
17053,"1404","0504",0.00630000,0.00690000,"0.6300%","0.6900%",Total QRRE,PD Band 4,"4","4","200010","202312",N,2023-05-29-12.10.00.000000,2024-01-29-13.42.00.000000
17055,"1404","0506",,,,,LOC,PD Band 4,"4","4","200010","999912",Y,2023-05-29-12.10.00.000000,2023-05-29-12.10.00.000000
17357,"1404","0599",0.00100000,0.00190000,"0.10%","0.19%",No Exposure Class,PD Band 4,"4","4","202401","202411",N,2024-01-29-13.42.00.000000,2024-12-13-13.57.00.000000
17358,"1405","0502",0.00350000,0.00720000,"0.35%","0.72%",Mortgage,PD Band 5,"5","5","202401","202411",N,2024-01-29-13.42.00.000000,2024-12-13-13.57.00.000000
17359,"1405","0503",0.03750000,0.16040000,"3.75%","16.04%",HELOC,PD Band 5,"5","5","202401","202411",N,2024-01-29-13.42.00.000000,2024-12-13-13.57.00.000000
17487,"1406","0503",0.99800000,0.99800000,"99.80%","99.80%",HELOC,PD Band 6,"6","6","202412","999912",Y,2025-01-06-13.57.00.000000,2025-01-06-13.57.00.000000
17568,"1406","0507",0.00620000,0.00660000,"0.62%","0.66%",Other Retail,PD Band 6,"6","6","202601","999912",Y,2026-01-08-09.59.00.000000,2026-01-08-09.59.00.000000
17083,"1406","0512",,,,,Residential Mortgage - Non-Insured,PD Band 6,"6","6","200010","999912",Y,2023-05-29-12.10.00.000000,2023-05-29-12.10.00.000000
17492,"1407","0503",0.99810000,0.99810000,"99.81%","99.81%",HELOC,PD Band 7,"7","7","202412","999912",Y,2025-01-06-13.57.00.000000,2025-01-06-13.57.00.000000
17571,"1407","0504",0.00760000,0.01300000,"0.76%","1.30%",Total QRRE,PD Band 7,"7","7","202601","999912",Y,2026-01-08-09.59.00.000000,2026-01-08-09.59.00.000000
17494,"1407","0507",0.01220000,0.01660000,"1.22%","1.66%",Other Retail,PD Band 7,"7","7","202412","202512",N,2025-01-06-13.57.00.000000,2026-01-08-09.59.00.000000
17095,"1407","0512",,,,,Residential Mortgage - Non-Insured,PD Band 7,"7","7","200010","999912",Y,2023-05-29-12.10.00.000000,2023-05-29-12.10.00.000000
17098,"1408","0501",,,,,Mortgage and HELOC,PD Band 8,"8","8","200010","999912",Y,2023-05-29-12.10.00.000000,2023-05-29-12.10.00.000000
17100,"1408","0503",0.54430000,0.74560000,"54.4300%","74.5600%",HELOC,PD Band 8,"8","8","200010","202312",N,2023-05-29-12.10.00.000000,2024-01-29-13.42.00.000000
17105,"1408","0510",,,,,Residential Mortgage - CMHC Insured,PD Band 8,"8","8","200010","999912",Y,2023-05-29-12.10.00.000000,2023-05-29-12.10.00.000000
17107,"1408","0512",,,,,Residential Mortgage - Non-Insured,PD Band 8,"8","8","200010","999912",Y,2023-05-29-12.10.00.000000,2023-05-29-12.10.00.000000
17501,"1409","0502",0.10100000,0.19700000,"10.10%","19.70%",Mortgage,PD Band 9,"9","9","202412","202512",N,2025-01-06-13.57.00.000000,2026-01-08-09.59.00.000000
17380,"1409","0504",0.04720000,0.06230000,"4.72%","6.23%",Total QRRE,PD Band 9,"9","9","202401","202411",N,2024-01-29-13.42.00.000000,2024-12-13-13.57.00.000000
17117,"1409","0510",,,,,Residential Mortgage - CMHC Insured,PD Band 9,"9","9","200010","999912",Y,2023-05-29-12.10.00.000000,2023-05-29-12.10.00.000000
17129,"1410","0510",,,,,Residential Mortgage - CMHC Insured,PD Band 10,"10","10","200010","999912",Y,2023-05-29-12.10.00.000000,2023-05-29-12.10.00.000000
17509,"1410","0599",0.01130000,0.01510000,"1.13%","1.51%",No Exposure Class,PD Band 10,"10","10","202412","202512",N,2025-01-06-13.57.00.000000,2026-01-08-09.59.00.000000
17143,"1411","0512",,,,,Residential Mortgage - Non-Insured,PD Band 11,"11","11","200010","999912",Y,2023-05-29-12.10.00.000000,2023-05-29-12.10.00.000000
17395,"1412","0504",0.13110000,0.20770000,"13.11%","20.77%",Total QRRE,PD Band 12,"12","12","202401","202411",N,2024-01-29-13.42.00.000000,2024-12-13-13.57.00.000000
17518,"1413","0502",0.99870000,0.99870000,"99.87%","99.87%",Mortgage,PD Band 13,"13","13","202412","999912",Y,2025-01-06-13.57.00.000000,2025-01-06-13.57.00.000000
17398,"1413","0502",0.57360000,0.99870000,"57.36%","99.87%",Mortgage,PD Band 13,"13","13","202401","202411",N,2024-01-29-13.42.00.000000,2024-12-13-13.57.00.000000
17520,"1413","0507",0.17860000,0.21860000,"17.86%","21.86%",Other Retail,PD Band 13,"13","13","202412","202512",N,2025-01-06-13.57.00.000000,2026-01-08-09.59.00.000000
17593,"1413","0507",0.02670000,0.03590000,"2.67%","3.59%",Other Retail,PD Band 13,"13","13","202601","999912",Y,2026-01-08-09.59.00.000000,2026-01-08-09.59.00.000000
17402,"1413","0599",0.04720000,0.07910000,"4.72%","7.91%",No Exposure Class,PD Band 13,"13","13","202401","202411",N,2024-01-29-13.42.00.000000,2024-12-13-13.57.00.000000
17170,"1414","0501",,,,,Mortgage and HELOC,PD Band 14,"14","14","200010","999912",Y,2023-05-29-12.10.00.000000,2023-05-29-12.10.00.000000
17522,"1414","0504",0.24200000,0.28200000,"24.20%","28.20%",Total QRRE,PD Band 14,"14","14","202412","202512",N,2025-01-06-13.57.00.000000,2026-01-08-09.59.00.000000
17596,"1414","0507",0.03600000,0.03630000,"3.60%","3.63%",Other Retail,PD Band 14,"14","14","202601","999912",Y,2026-01-08-09.59.00.000000,2026-01-08-09.59.00.000000
17177,"1414","0510",,,,,Residential Mortgage - CMHC Insured,PD Band 14,"14","14","200010","999912",Y,2023-05-29-12.10.00.000000,2023-05-29-12.10.00.000000
17525,"1415","0504",0.28210000,0.29370000,"28.21%","29.37%",Total QRRE,PD Band 15,"15","15","202412","202512",N,2025-01-06-13.57.00.000000,2026-01-08-09.59.00.000000
17186,"1415","0505",,,,,Credit Card,PD Band 15,"15","15","200010","999912",Y,2023-05-29-12.10.00.000000,2023-05-29-12.10.00.000000
17528,"1416","0504",0.29380000,0.53580000,"29.38%","53.58%",Total QRRE,PD Band 16,"16","16","202412","202512",N,2025-01-06-13.57.00.000000,2026-01-08-09.59.00.000000
17200,"1416","0507",0.38340000,0.47420000,"38.3400%","47.4200%",Other Retail,PD Band 16,"16","16","200010","202312",N,2023-05-29-12.10.00.000000,2024-01-29-13.42.00.000000
17419,"1417","0503",0.99910000,0.99910000,"99.91%","99.91%",HELOC,PD Band 17,"17","17","202401","999912",Y,2024-01-29-13.42.00.000000,2024-01-29-13.42.00.000000
17210,"1417","0505",,,,,Credit Card,PD Band 17,"17","17","200010","999912",Y,2023-05-29-12.10.00.000000,2023-05-29-12.10.00.000000
17422,"1417","0599",0.18040000,0.20770000,"18.04%","20.77%",No Exposure Class,PD Band 17,"17","17","202401","202411",N,2024-01-29-13.42.00.000000,2024-12-13-13.57.00.000000
17231,"1419","0502",0.99930000,0.99930000,"99.9300%","99.9300%",Mortgage,PD Band 19,"19","19","200010","202312",N,2023-05-29-12.10.00.000000,2024-01-29-13.42.00.000000
17235,"1419","0506",,,,,LOC,PD Band 19,"19","19","200010","999912",Y,2023-05-29-12.10.00.000000,2023-05-29-12.10.00.000000
17431,"1419","0507",0.99930000,0.99930000,"99.93%","99.93%",Other Retail,PD Band 19,"19","19","202401","202512",N,2024-01-29-13.42.00.000000,2026-01-08-09.59.00.000000
17269,"1422","0504",0.99960000,0.99960000,"99.9600%","99.9600%",Total QRRE,PD Band 22,"22","22","200010","202312",N,2023-05-29-12.10.00.000000,2024-01-29-13.42.00.000000
17282,"1423","0505",,,,,Credit Card,PD Band 23,"23","23","200010","999912",Y,2023-05-29-12.10.00.000000,2023-05-29-12.10.00.000000
17451,"1423","0507",0.99970000,0.99970000,"99.97%","99.97%",Other Retail,PD Band 23,"23","23","202401","202512",N,2024-01-29-13.42.00.000000,2026-01-08-09.59.00.000000
17287,"1423","0512",,,,,Residential Mortgage - Non-Insured,PD Band 23,"23","23","200010","999912",Y,2023-05-29-12.10.00.000000,2023-05-29-12.10.00.000000
17308,"1425","0507",0.99990000,0.99990000,"99.9900%","99.9900%",Other Retail,PD Band 25,"25","25","200010","202312",N,2023-05-29-12.10.00.000000,2024-01-29-13.42.00.000000
17314,"1426","0501",,,,,Mortgage and HELOC,Defaulted - 100%,"26","26","200010","999912",Y,2023-05-29-12.10.00.000000,2023-05-29-12.10.00.000000
17322,"1426","0511",,,,,Residential Mortgage - Other Insured,Defaulted - 100%,"26","26","200010","999912",Y,2023-05-29-12.10.00.000000,2023-05-29-12.10.00.000000
17002,"1400","0501",,,,,Mortgage and HELOC,Total PD Band,,,"200010","999912",Y,2023-05-29-12.10.00.000000,2023-05-29-12.10.00.000000
17012,"1400","0599",-1.00000000,-1.00000000,,,No Exposure Class,Total PD Band,,,"200010","999912",Y,2023-05-29-12.10.00.000000,2023-05-29-12.10.00.000000
17013,"1401","0500",,,,,Total Retail,PD Band 1,"1","1","200010","999912",Y,2023-05-29-12.10.00.000000,2023-05-29-12.10.00.000000
17018,"1401","0505",,,,,Credit Card,PD Band 1,"1","1","200010","999912",Y,2023-05-29-12.10.00.000000,2023-05-29-12.10.00.000000
17027,"1402","0502",0.00060000,0.00080000,"0.0600%","0.0800%",Mortgage,PD Band 2,"2","2","200010","202312",N,2023-05-29-12.10.00.000000,2024-01-29-13.42.00.000000
17548,"1402","0503",0.00060000,0.00130000,"0.06%","0.13%",HELOC,PD Band 2,"2","2","202601","999912",Y,2026-01-08-09.59.00.000000,2026-01-08-09.59.00.000000
17469,"1402","0504",0.00110000,0.00110000,"0.11%","0.11%",Total QRRE,PD Band 2,"2","2","202412","202512",N,2025-01-06-13.57.00.000000,2026-01-08-09.59.00.000000
17031,"1402","0506",,,,,LOC,PD Band 2,"2","2","200010","999912",Y,2023-05-29-12.10.00.000000,2023-05-29-12.10.00.000000
17034,"1402","0511",,,,,Residential Mortgage - Other Insured,PD Band 2,"2","2","200010","999912",Y,2023-05-29-12.10.00.000000,2023-05-29-12.10.00.000000
17472,"1403","0503",0.00150000,0.01120000,"0.15%","1.12%",HELOC,PD Band 3,"3","3","202412","202512",N,2025-01-06-13.57.00.000000,2026-01-08-09.59.00.000000
17553,"1403","0504",0.00130000,0.00160000,"0.13%","0.16%",Total QRRE,PD Band 3,"3","3","202601","999912",Y,2026-01-08-09.59.00.000000,2026-01-08-09.59.00.000000
17350,"1403","0504",0.00440000,0.00500000,"0.44%","0.50%",Total QRRE,PD Band 3,"3","3","202401","202411",N,2024-01-29-13.42.00.000000,2024-12-13-13.57.00.000000
17352,"1403","0599",0.00080000,0.00090000,"0.08%","0.09%",No Exposure Class,PD Band 3,"3","3","202401","202411",N,2024-01-29-13.42.00.000000,2024-12-13-13.57.00.000000
17049,"1404","0500",,,,,Total Retail,PD Band 4,"4","4","200010","999912",Y,2023-05-29-12.10.00.000000,2023-05-29-12.10.00.000000
17557,"1404","0503",0.00920000,0.10530000,"0.92%","10.53%",HELOC,PD Band 4,"4","4","202601","999912",Y,2026-01-08-09.59.00.000000,2026-01-08-09.59.00.000000
17562,"1405","0503",0.10540000,0.99790000,"10.54%","99.79%",HELOC,PD Band 5,"5","5","202601","999912",Y,2026-01-08-09.59.00.000000,2026-01-08-09.59.00.000000
17364,"1406","0503",0.16050000,0.29750000,"16.05%","29.75%",HELOC,PD Band 6,"6","6","202401","202411",N,2024-01-29-13.42.00.000000,2024-12-13-13.57.00.000000
17369,"1407","0503",0.29760000,0.56520000,"29.76%","56.52%",HELOC,PD Band 7,"7","7","202401","202411",N,2024-01-29-13.42.00.000000,2024-12-13-13.57.00.000000
17093,"1407","0510",,,,,Residential Mortgage - CMHC Insured,PD Band 7,"7","7","200010","999912",Y,2023-05-29-12.10.00.000000,2023-05-29-12.10.00.000000
17101,"1408","0504",0.02450000,0.04430000,"2.4500%","4.4300%",Total QRRE,PD Band 8,"8","8","200010","202312",N,2023-05-29-12.10.00.000000,2024-01-29-13.42.00.000000
17499,"1408","0507",0.01670000,0.03840000,"1.67%","3.84%",Other Retail,PD Band 8,"8","8","202412","202512",N,2025-01-06-13.57.00.000000,2026-01-08-09.59.00.000000
17576,"1408","0507",0.00860000,0.00980000,"0.86%","0.98%",Other Retail,PD Band 8,"8","8","202601","999912",Y,2026-01-08-09.59.00.000000,2026-01-08-09.59.00.000000
17377,"1408","0599",0.00730000,0.01230000,"0.73%","1.23%",No Exposure Class,PD Band 8,"8","8","202401","202411",N,2024-01-29-13.42.00.000000,2024-12-13-13.57.00.000000
17110,"1409","0501",,,,,Mortgage and HELOC,PD Band 9,"9","9","200010","999912",Y,2023-05-29-12.10.00.000000,2023-05-29-12.10.00.000000
17505,"1409","0599",0.00800000,0.01120000,"0.80%","1.12%",No Exposure Class,PD Band 9,"9","9","202412","202512",N,2025-01-06-13.57.00.000000,2026-01-08-09.59.00.000000
17122,"1410","0501",,,,,Mortgage and HELOC,PD Band 10,"10","10","200010","999912",Y,2023-05-29-12.10.00.000000,2023-05-29-12.10.00.000000
17506,"1410","0502",0.19710000,0.99840000,"19.71%","99.84%",Mortgage,PD Band 10,"10","10","202412","202512",N,2025-01-06-13.57.00.000000,2026-01-08-09.59.00.000000
17384,"1410","0503",0.99840000,0.99840000,"99.84%","99.84%",HELOC,PD Band 10,"10","10","202401","999912",Y,2024-01-29-13.42.00.000000,2024-01-29-13.42.00.000000
17510,"1411","0502",0.99850000,0.99850000,"99.85%","99.85%",Mortgage,PD Band 11,"11","11","202412","999912",Y,2025-01-06-13.57.00.000000,2025-01-06-13.57.00.000000
17391,"1411","0507",0.07920000,0.08590000,"7.92%","8.59%",Other Retail,PD Band 11,"11","11","202401","202411",N,2024-01-29-13.42.00.000000,2024-12-13-13.57.00.000000
17393,"1412","0502",0.37140000,0.57350000,"37.14%","57.35%",Mortgage,PD Band 12,"12","12","202401","202411",N,2024-01-29-13.42.00.000000,2024-12-13-13.57.00.000000
17148,"1412","0503",0.99860000,0.99860000,"99.8600%","99.8600%",HELOC,PD Band 12,"12","12","200010","202312",N,2023-05-29-12.10.00.000000,2024-01-29-13.42.00.000000
17150,"1412","0505",,,,,Credit Card,PD Band 12,"12","12","200010","999912",Y,2023-05-29-12.10.00.000000,2023-05-29-12.10.00.000000
17157,"1413","0500",,,,,Total Retail,PD Band 13,"13","13","200010","999912",Y,2023-05-29-12.10.00.000000,2023-05-29-12.10.00.000000
17165,"1413","0510",,,,,Residential Mortgage - CMHC Insured,PD Band 13,"13","13","200010","999912",Y,2023-05-29-12.10.00.000000,2023-05-29-12.10.00.000000
17167,"1413","0512",,,,,Residential Mortgage - Non-Insured,PD Band 13,"13","13","200010","999912",Y,2023-05-29-12.10.00.000000,2023-05-29-12.10.00.000000
17403,"1414","0502",0.99880000,0.99880000,"99.88%","99.88%",Mortgage,PD Band 14,"14","14","202401","999912",Y,2024-01-29-13.42.00.000000,2024-01-29-13.42.00.000000
17173,"1414","0504",0.25930000,0.28180000,"25.9300%","28.1800%",Total QRRE,PD Band 14,"14","14","200010","202312",N,2023-05-29-12.10.00.000000,2024-01-29-13.42.00.000000
17411,"1415","0507",0.22240000,0.37950000,"22.24%","37.95%",Other Retail,PD Band 15,"15","15","202401","202411",N,2024-01-29-13.42.00.000000,2024-12-13-13.57.00.000000
17600,"1415","0599",0.03640000,0.05720000,"3.64%","5.72%",No Exposure Class,PD Band 15,"15","15","202601","999912",Y,2026-01-08-09.59.00.000000,2026-01-08-09.59.00.000000
17414,"1416","0503",0.99900000,0.99900000,"99.90%","99.90%",HELOC,PD Band 16,"16","16","202401","999912",Y,2024-01-29-13.42.00.000000,2024-01-29-13.42.00.000000
17601,"1416","0504",0.24000000,0.28120000,"24.00%","28.12%",Total QRRE,PD Band 16,"16","16","202601","999912",Y,2026-01-08-09.59.00.000000,2026-01-08-09.59.00.000000
17203,"1416","0512",,,,,Residential Mortgage - Non-Insured,PD Band 16,"16","16","200010","999912",Y,2023-05-29-12.10.00.000000,2023-05-29-12.10.00.000000
17530,"1416","0599",0.08450000,0.10090000,"8.45%","10.09%",No Exposure Class,PD Band 16,"16","16","202412","202512",N,2025-01-06-13.57.00.000000,2026-01-08-09.59.00.000000
17603,"1416","0599",0.05730000,0.06770000,"5.73%","6.77%",No Exposure Class,PD Band 16,"16","16","202601","999912",Y,2026-01-08-09.59.00.000000,2026-01-08-09.59.00.000000
17208,"1417","0503",0.99910000,0.99910000,"99.9100%","99.9100%",HELOC,PD Band 17,"17","17","200010","202312",N,2023-05-29-12.10.00.000000,2024-01-29-13.42.00.000000
17424,"1418","0503",0.99920000,0.99920000,"99.92%","99.92%",HELOC,PD Band 18,"18","18","202401","999912",Y,2024-01-29-13.42.00.000000,2024-01-29-13.42.00.000000
17426,"1418","0507",0.51100000,0.99920000,"51.10%","99.92%",Other Retail,PD Band 18,"18","18","202401","202411",N,2024-01-29-13.42.00.000000,2024-12-13-13.57.00.000000
17227,"1418","0512",,,,,Residential Mortgage - Non-Insured,PD Band 18,"18","18","200010","999912",Y,2023-05-29-12.10.00.000000,2023-05-29-12.10.00.000000
17429,"1419","0503",0.99930000,0.99930000,"99.93%","99.93%",HELOC,PD Band 19,"19","19","202401","999912",Y,2024-01-29-13.42.00.000000,2024-01-29-13.42.00.000000
17233,"1419","0504",0.88460000,0.94720000,"88.4600%","94.7200%",Total QRRE,PD Band 19,"19","19","200010","202312",N,2023-05-29-12.10.00.000000,2024-01-29-13.42.00.000000
17241,"1420","0500",,,,,Total Retail,PD Band 20,"20","20","200010","999912",Y,2023-05-29-12.10.00.000000,2023-05-29-12.10.00.000000
17243,"1420","0502",0.99940000,0.99940000,"99.9400%","99.9400%",Mortgage,PD Band 20,"20","20","200010","202312",N,2023-05-29-12.10.00.000000,2024-01-29-13.42.00.000000
17249,"1420","0510",,,,,Residential Mortgage - CMHC Insured,PD Band 20,"20","20","200010","999912",Y,2023-05-29-12.10.00.000000,2023-05-29-12.10.00.000000
17257,"1421","0504",0.94740000,0.99950000,"94.7400%","99.9500%",Total QRRE,PD Band 21,"21","21","200010","202312",N,2023-05-29-12.10.00.000000,2024-01-29-13.42.00.000000
17259,"1421","0506",,,,,LOC,PD Band 21,"21","21","200010","999912",Y,2023-05-29-12.10.00.000000,2023-05-29-12.10.00.000000
17442,"1421","0599",0.51100000,0.56520000,"51.10%","56.52%",No Exposure Class,PD Band 21,"21","21","202401","202411",N,2024-01-29-13.42.00.000000,2024-12-13-13.57.00.000000
17280,"1423","0503",0.99970000,0.99970000,"99.9700%","99.9700%",HELOC,PD Band 23,"23","23","200010","202312",N,2023-05-29-12.10.00.000000,2024-01-29-13.42.00.000000
17294,"1424","0505",,,,,Credit Card,PD Band 24,"24","24","200010","999912",Y,2023-05-29-12.10.00.000000,2023-05-29-12.10.00.000000
17623,"1424","0507",0.43130000,0.46360000,"43.13%","46.36%",Other Retail,PD Band 24,"24","24","202601","999912",Y,2026-01-08-09.59.00.000000,2026-01-08-09.59.00.000000
17304,"1425","0503",0.99990000,0.99990000,"99.9900%","99.9900%",HELOC,PD Band 25,"25","25","200010","202312",N,2023-05-29-12.10.00.000000,2024-01-29-13.42.00.000000
17306,"1425","0505",,,,,Credit Card,PD Band 25,"25","25","200010","999912",Y,2023-05-29-12.10.00.000000,2023-05-29-12.10.00.000000
17626,"1425","0599",0.52200000,0.99990000,"52.20%","99.99%",No Exposure Class,PD Band 25,"25","25","202601","999912",Y,2026-01-08-09.59.00.000000,2026-01-08-09.59.00.000000
17318,"1426","0505",,,,,Credit Card,Defaulted - 100%,"26","26","200010","999912",Y,2023-05-29-12.10.00.000000,2023-05-29-12.10.00.000000
17320,"1426","0507",1.00000000,1.00000000,"100.0000%","100.0000%",Other Retail,Defaulted - 100%,"26","26","200010","202312",N,2023-05-29-12.10.00.000000,2024-01-29-13.42.00.000000
17030,"1402","0505",,,,,Credit Card,PD Band 2,"2","2","200010","999912",Y,2023-05-29-12.10.00.000000,2023-05-29-12.10.00.000000
17470,"1402","0507",0.00060000,0.00090000,"0.06%","0.09%",Other Retail,PD Band 2,"2","2","202412","999912",Y,2025-01-06-13.57.00.000000,2025-01-06-13.57.00.000000
17035,"1402","0512",,,,,Residential Mortgage - Non-Insured,PD Band 2,"2","2","200010","999912",Y,2023-05-29-12.10.00.000000,2023-05-29-12.10.00.000000
17046,"1403","0511",,,,,Residential Mortgage - Other Insured,PD Band 3,"3","3","200010","999912",Y,2023-05-29-12.10.00.000000,2023-05-29-12.10.00.000000
17558,"1404","0504",0.00170000,0.00500000,"0.17%","0.50%",Total QRRE,PD Band 4,"4","4","202601","999912",Y,2026-01-08-09.59.00.000000,2026-01-08-09.59.00.000000
17058,"1404","0511",,,,,Residential Mortgage - Other Insured,PD Band 4,"4","4","200010","999912",Y,2023-05-29-12.10.00.000000,2023-05-29-12.10.00.000000
17064,"1405","0503",0.03720000,0.10450000,"3.7200%","10.4500%",HELOC,PD Band 5,"5","5","200010","202312",N,2023-05-29-12.10.00.000000,2024-01-29-13.42.00.000000
17363,"1406","0502",0.00730000,0.01860000,"0.73%","1.86%",Mortgage,PD Band 6,"6","6","202401","202411",N,2024-01-29-13.42.00.000000,2024-12-13-13.57.00.000000
17569,"1406","0599",0.00300000,0.00560000,"0.30%","0.56%",No Exposure Class,PD Band 6,"6","6","202601","999912",Y,2026-01-08-09.59.00.000000,2026-01-08-09.59.00.000000
17491,"1407","0502",0.01910000,0.02370000,"1.91%","2.37%",Mortgage,PD Band 7,"7","7","202412","202512",N,2025-01-06-13.57.00.000000,2026-01-08-09.59.00.000000
17495,"1407","0599",0.00470000,0.00630000,"0.47%","0.63%",No Exposure Class,PD Band 7,"7","7","202412","202512",N,2025-01-06-13.57.00.000000,2026-01-08-09.59.00.000000
17372,"1407","0599",0.00650000,0.00720000,"0.65%","0.72%",No Exposure Class,PD Band 7,"7","7","202401","202411",N,2024-01-29-13.42.00.000000,2024-12-13-13.57.00.000000
17374,"1408","0503",0.56530000,0.75630000,"56.53%","75.63%",HELOC,PD Band 8,"8","8","202401","202411",N,2024-01-29-13.42.00.000000,2024-12-13-13.57.00.000000
17500,"1408","0599",0.00640000,0.00790000,"0.64%","0.79%",No Exposure Class,PD Band 8,"8","8","202412","202512",N,2025-01-06-13.57.00.000000,2026-01-08-09.59.00.000000
17108,"1408","0599",0.01130000,0.02150000,"1.1300%","2.1500%",No Exposure Class,PD Band 8,"8","8","200010","202312",N,2023-05-29-12.10.00.000000,2024-01-29-13.42.00.000000
17383,"1410","0502",0.10020000,0.18860000,"10.02%","18.86%",Mortgage,PD Band 10,"10","10","202401","202411",N,2024-01-29-13.42.00.000000,2024-12-13-13.57.00.000000
17387,"1410","0599",0.01710000,0.02370000,"1.71%","2.37%",No Exposure Class,PD Band 10,"10","10","202401","202411",N,2024-01-29-13.42.00.000000,2024-12-13-13.57.00.000000
17140,"1411","0507",0.07930000,0.08790000,"7.9300%","8.7900%",Other Retail,PD Band 11,"11","11","200010","202312",N,2023-05-29-12.10.00.000000,2024-01-29-13.42.00.000000
17145,"1412","0500",,,,,Total Retail,PD Band 12,"12","12","200010","999912",Y,2023-05-29-12.10.00.000000,2023-05-29-12.10.00.000000
17514,"1412","0502",0.99860000,0.99860000,"99.86%","99.86%",Mortgage,PD Band 12,"12","12","202412","999912",Y,2025-01-06-13.57.00.000000,2025-01-06-13.57.00.000000
17147,"1412","0502",0.25590000,0.52960000,"25.5900%","52.9600%",Mortgage,PD Band 12,"12","12","200010","202312",N,2023-05-29-12.10.00.000000,2024-01-29-13.42.00.000000
17154,"1412","0511",,,,,Residential Mortgage - Other Insured,PD Band 12,"12","12","200010","999912",Y,2023-05-29-12.10.00.000000,2023-05-29-12.10.00.000000
17399,"1413","0503",0.99870000,0.99870000,"99.87%","99.87%",HELOC,PD Band 13,"13","13","202401","999912",Y,2024-01-29-13.42.00.000000,2024-01-29-13.42.00.000000
17168,"1413","0599",0.07930000,0.10050000,"7.9300%","10.0500%",No Exposure Class,PD Band 13,"13","13","200010","202312",N,2023-05-29-12.10.00.000000,2024-01-29-13.42.00.000000
17172,"1414","0503",0.99880000,0.99880000,"99.8800%","99.8800%",HELOC,PD Band 14,"14","14","200010","202312",N,2023-05-29-12.10.00.000000,2024-01-29-13.42.00.000000
17178,"1414","0511",,,,,Residential Mortgage - Other Insured,PD Band 14,"14","14","200010","999912",Y,2023-05-29-12.10.00.000000,2023-05-29-12.10.00.000000
17526,"1415","0507",0.22050000,0.37570000,"22.05%","37.57%",Other Retail,PD Band 15,"15","15","202412","202512",N,2025-01-06-13.57.00.000000,2026-01-08-09.59.00.000000
17415,"1416","0504",0.51160000,0.62200000,"51.16%","62.20%",Total QRRE,PD Band 16,"16","16","202401","202411",N,2024-01-29-13.42.00.000000,2024-12-13-13.57.00.000000
17204,"1416","0599",0.14170000,0.14380000,"14.1700%","14.3800%",No Exposure Class,PD Band 16,"16","16","200010","202312",N,2023-05-29-12.10.00.000000,2024-01-29-13.42.00.000000
17418,"1417","0502",0.99910000,0.99910000,"99.91%","99.91%",Mortgage,PD Band 17,"17","17","202401","999912",Y,2024-01-29-13.42.00.000000,2024-01-29-13.42.00.000000
17213,"1417","0510",,,,,Residential Mortgage - CMHC Insured,PD Band 17,"17","17","200010","999912",Y,2023-05-29-12.10.00.000000,2023-05-29-12.10.00.000000
17536,"1418","0599",0.13370000,0.19700000,"13.37%","19.70%",No Exposure Class,PD Band 18,"18","18","202412","202512",N,2025-01-06-13.57.00.000000,2026-01-08-09.59.00.000000
17229,"1419","0500",,,,,Total Retail,PD Band 19,"19","19","200010","999912",Y,2023-05-29-12.10.00.000000,2023-05-29-12.10.00.000000
17432,"1419","0599",0.28990000,0.37130000,"28.99%","37.13%",No Exposure Class,PD Band 19,"19","19","202401","202411",N,2024-01-29-13.42.00.000000,2024-12-13-13.57.00.000000
17252,"1420","0599",0.38340000,0.47420000,"38.3400%","47.4200%",No Exposure Class,PD Band 20,"20","20","200010","202312",N,2023-05-29-12.10.00.000000,2024-01-29-13.42.00.000000
17253,"1421","0500",,,,,Total Retail,PD Band 21,"21","21","200010","999912",Y,2023-05-29-12.10.00.000000,2023-05-29-12.10.00.000000
17265,"1422","0500",,,,,Total Retail,PD Band 22,"22","22","200010","999912",Y,2023-05-29-12.10.00.000000,2023-05-29-12.10.00.000000
17267,"1422","0502",0.99960000,0.99960000,"99.9600%","99.9600%",Mortgage,PD Band 22,"22","22","200010","202312",N,2023-05-29-12.10.00.000000,2024-01-29-13.42.00.000000
17445,"1422","0504",0.99960000,0.99960000,"99.96%","99.96%",Total QRRE,PD Band 22,"22","22","202401","999912",Y,2024-01-29-13.42.00.000000,2024-01-29-13.42.00.000000
17270,"1422","0505",,,,,Credit Card,PD Band 22,"22","22","200010","999912",Y,2023-05-29-12.10.00.000000,2023-05-29-12.10.00.000000
17447,"1422","0599",0.56530000,0.75630000,"56.53%","75.63%",No Exposure Class,PD Band 22,"22","22","202401","202411",N,2024-01-29-13.42.00.000000,2024-12-13-13.57.00.000000
17621,"1423","0507",0.27590000,0.43120000,"27.59%","43.12%",Other Retail,PD Band 23,"23","23","202601","999912",Y,2026-01-08-09.59.00.000000,2026-01-08-09.59.00.000000
17453,"1424","0502",0.99980000,0.99980000,"99.98%","99.98%",Mortgage,PD Band 24,"24","24","202401","999912",Y,2024-01-29-13.42.00.000000,2024-01-29-13.42.00.000000
17291,"1424","0502",0.99980000,0.99980000,"99.9800%","99.9800%",Mortgage,PD Band 24,"24","24","200010","202312",N,2023-05-29-12.10.00.000000,2024-01-29-13.42.00.000000
17295,"1424","0506",,,,,LOC,PD Band 24,"24","24","200010","999912",Y,2023-05-29-12.10.00.000000,2023-05-29-12.10.00.000000
17297,"1424","0510",,,,,Residential Mortgage - CMHC Insured,PD Band 24,"24","24","200010","999912",Y,2023-05-29-12.10.00.000000,2023-05-29-12.10.00.000000
17457,"1424","0599",0.86430000,0.95890000,"86.43%","95.89%",No Exposure Class,PD Band 24,"24","24","202401","202411",N,2024-01-29-13.42.00.000000,2024-12-13-13.57.00.000000
17305,"1425","0504",0.99990000,0.99990000,"99.9900%","99.9900%",Total QRRE,PD Band 25,"25","25","200010","202312",N,2023-05-29-12.10.00.000000,2024-01-29-13.42.00.000000
17546,"1425","0599",0.87380000,0.99990000,"87.38%","99.99%",No Exposure Class,PD Band 25,"25","25","202412","202512",N,2025-01-06-13.57.00.000000,2026-01-08-09.59.00.000000
17323,"1426","0512",,,,,Residential Mortgage - Non-Insured,Defaulted - 100%,"26","26","200010","999912",Y,2023-05-29-12.10.00.000000,2023-05-29-12.10.00.000000
17328,"1499","0502",-2.00000000,-2.00000000,,,Mortgage,No PD Band,,,"200010","999912",Y,2023-05-29-12.10.00.000000,2023-05-29-12.10.00.000000
17015,"1401","0502",0.00050000,0.00050000,"0.0500%","0.0500%",Mortgage,PD Band 1,"1","1","200010","202312",N,2023-05-29-12.10.00.000000,2024-01-29-13.42.00.000000
17022,"1401","0511",,,,,Residential Mortgage - Other Insured,PD Band 1,"1","1","200010","999912",Y,2023-05-29-12.10.00.000000,2023-05-29-12.10.00.000000
17024,"1401","0599",0.00050000,0.00050000,"0.0500%","0.0500%",No Exposure Class,PD Band 1,"1","1","200010","202312",N,2023-05-29-12.10.00.000000,2024-01-29-13.42.00.000000
17029,"1402","0504",0.00110000,0.00340000,"0.1100%","0.3400%",Total QRRE,PD Band 2,"2","2","200010","202312",N,2023-05-29-12.10.00.000000,2024-01-29-13.42.00.000000
17550,"1402","0599",0.00060000,0.00070000,"0.06%","0.07%",No Exposure Class,PD Band 2,"2","2","202601","999912",Y,2026-01-08-09.59.00.000000,2026-01-08-09.59.00.000000
17347,"1402","0599",0.00060000,0.00070000,"0.06%","0.07%",No Exposure Class,PD Band 2,"2","2","202401","202411",N,2024-01-29-13.42.00.000000,2024-12-13-13.57.00.000000
17041,"1403","0504",0.00350000,0.00620000,"0.3500%","0.6200%",Total QRRE,PD Band 3,"3","3","200010","202312",N,2023-05-29-12.10.00.000000,2024-01-29-13.42.00.000000
17043,"1403","0506",,,,,LOC,PD Band 3,"3","3","200010","999912",Y,2023-05-29-12.10.00.000000,2023-05-29-12.10.00.000000
17353,"1404","0502",0.00200000,0.00340000,"0.20%","0.34%",Mortgage,PD Band 4,"4","4","202401","202411",N,2024-01-29-13.42.00.000000,2024-12-13-13.57.00.000000
17478,"1404","0504",0.00470000,0.00610000,"0.47%","0.61%",Total QRRE,PD Band 4,"4","4","202412","202512",N,2025-01-06-13.57.00.000000,2026-01-08-09.59.00.000000
17559,"1404","0507",0.00240000,0.00290000,"0.24%","0.29%",Other Retail,PD Band 4,"4","4","202601","999912",Y,2026-01-08-09.59.00.000000,2026-01-08-09.59.00.000000
17057,"1404","0510",,,,,Residential Mortgage - CMHC Insured,PD Band 4,"4","4","200010","999912",Y,2023-05-29-12.10.00.000000,2023-05-29-12.10.00.000000
17480,"1404","0599",0.00100000,0.00140000,"0.10%","0.14%",No Exposure Class,PD Band 4,"4","4","202412","202512",N,2025-01-06-13.57.00.000000,2026-01-08-09.59.00.000000
17481,"1405","0502",0.00470000,0.00710000,"0.47%","0.71%",Mortgage,PD Band 5,"5","5","202412","202512",N,2025-01-06-13.57.00.000000,2026-01-08-09.59.00.000000
17483,"1405","0504",0.00620000,0.00790000,"0.62%","0.79%",Total QRRE,PD Band 5,"5","5","202412","202512",N,2025-01-06-13.57.00.000000,2026-01-08-09.59.00.000000
17069,"1405","0510",,,,,Residential Mortgage - CMHC Insured,PD Band 5,"5","5","200010","999912",Y,2023-05-29-12.10.00.000000,2023-05-29-12.10.00.000000
17073,"1406","0500",,,,,Total Retail,PD Band 6,"6","6","200010","999912",Y,2023-05-29-12.10.00.000000,2023-05-29-12.10.00.000000
17087,"1407","0502",0.01700000,0.01970000,"1.7000%","1.9700%",Mortgage,PD Band 7,"7","7","200010","202312",N,2023-05-29-12.10.00.000000,2024-01-29-13.42.00.000000
17497,"1408","0503",0.99820000,0.99820000,"99.82%","99.82%",HELOC,PD Band 8,"8","8","202412","999912",Y,2025-01-06-13.57.00.000000,2025-01-06-13.57.00.000000
17375,"1408","0504",0.02720000,0.04710000,"2.72%","4.71%",Total QRRE,PD Band 8,"8","8","202401","202411",N,2024-01-29-13.42.00.000000,2024-12-13-13.57.00.000000
17103,"1408","0506",,,,,LOC,PD Band 8,"8","8","200010","999912",Y,2023-05-29-12.10.00.000000,2023-05-29-12.10.00.000000
17503,"1409","0504",0.02790000,0.04800000,"2.79%","4.80%",Total QRRE,PD Band 9,"9","9","202412","202512",N,2025-01-06-13.57.00.000000,2026-01-08-09.59.00.000000
17580,"1409","0507",0.00990000,0.01180000,"0.99%","1.18%",Other Retail,PD Band 9,"9","9","202601","999912",Y,2026-01-08-09.59.00.000000,2026-01-08-09.59.00.000000
17127,"1410","0506",,,,,LOC,PD Band 10,"10","10","200010","999912",Y,2023-05-29-12.10.00.000000,2023-05-29-12.10.00.000000
17386,"1410","0507",0.04400000,0.07910000,"4.40%","7.91%",Other Retail,PD Band 10,"10","10","202401","202411",N,2024-01-29-13.42.00.000000,2024-12-13-13.57.00.000000
17141,"1411","0510",,,,,Residential Mortgage - CMHC Insured,PD Band 11,"11","11","200010","999912",Y,2023-05-29-12.10.00.000000,2023-05-29-12.10.00.000000
17153,"1412","0510",,,,,Residential Mortgage - CMHC Insured,PD Band 12,"12","12","200010","999912",Y,2023-05-29-12.10.00.000000,2023-05-29-12.10.00.000000
17155,"1412","0512",,,,,Residential Mortgage - Non-Insured,PD Band 12,"12","12","200010","999912",Y,2023-05-29-12.10.00.000000,2023-05-29-12.10.00.000000
17161,"1413","0504",0.14390000,0.25920000,"14.3900%","25.9200%",Total QRRE,PD Band 13,"13","13","200010","202312",N,2023-05-29-12.10.00.000000,2024-01-29-13.42.00.000000
17521,"1413","0599",0.02420000,0.03840000,"2.42%","3.84%",No Exposure Class,PD Band 13,"13","13","202412","202512",N,2025-01-06-13.57.00.000000,2026-01-08-09.59.00.000000
17175,"1414","0506",,,,,LOC,PD Band 14,"14","14","200010","999912",Y,2023-05-29-12.10.00.000000,2023-05-29-12.10.00.000000
17182,"1415","0501",,,,,Mortgage and HELOC,PD Band 15,"15","15","200010","999912",Y,2023-05-29-12.10.00.000000,2023-05-29-12.10.00.000000
17184,"1415","0503",0.99890000,0.99890000,"99.8900%","99.8900%",HELOC,PD Band 15,"15","15","200010","202312",N,2023-05-29-12.10.00.000000,2024-01-29-13.42.00.000000
17187,"1415","0506",,,,,LOC,PD Band 15,"15","15","200010","999912",Y,2023-05-29-12.10.00.000000,2023-05-29-12.10.00.000000
17527,"1415","0599",0.06360000,0.08440000,"6.36%","8.44%",No Exposure Class,PD Band 15,"15","15","202412","202512",N,2025-01-06-13.57.00.000000,2026-01-08-09.59.00.000000
17198,"1416","0505",,,,,Credit Card,PD Band 16,"16","16","200010","999912",Y,2023-05-29-12.10.00.000000,2023-05-29-12.10.00.000000
17206,"1417","0501",,,,,Mortgage and HELOC,PD Band 17,"17","17","200010","999912",Y,2023-05-29-12.10.00.000000,2023-05-29-12.10.00.000000
17531,"1417","0504",0.53590000,0.62930000,"53.59%","62.93%",Total QRRE,PD Band 17,"17","17","202412","202512",N,2025-01-06-13.57.00.000000,2026-01-08-09.59.00.000000
17212,"1417","0507",0.47430000,0.51440000,"47.4300%","51.4400%",Other Retail,PD Band 17,"17","17","200010","202312",N,2023-05-29-12.10.00.000000,2024-01-29-13.42.00.000000
17421,"1417","0507",0.47620000,0.51090000,"47.62%","51.09%",Other Retail,PD Band 17,"17","17","202401","202411",N,2024-01-29-13.42.00.000000,2024-12-13-13.57.00.000000
17214,"1417","0511",,,,,Residential Mortgage - Other Insured,PD Band 17,"17","17","200010","999912",Y,2023-05-29-12.10.00.000000,2023-05-29-12.10.00.000000
17607,"1418","0504",0.52080000,0.52190000,"52.08%","52.19%",Total QRRE,PD Band 18,"18","18","202601","999912",Y,2026-01-08-09.59.00.000000,2026-01-08-09.59.00.000000
17609,"1418","0599",0.07680000,0.11620000,"7.68%","11.62%",No Exposure Class,PD Band 18,"18","18","202601","999912",Y,2026-01-08-09.59.00.000000,2026-01-08-09.59.00.000000
17239,"1419","0512",,,,,Residential Mortgage - Non-Insured,PD Band 19,"19","19","200010","999912",Y,2023-05-29-12.10.00.000000,2023-05-29-12.10.00.000000
17435,"1420","0504",0.95900000,0.99940000,"95.90%","99.94%",Total QRRE,PD Band 20,"20","20","202401","202411",N,2024-01-29-13.42.00.000000,2024-12-13-13.57.00.000000
17614,"1420","0507",0.17640000,0.18430000,"17.64%","18.43%",Other Retail,PD Band 20,"20","20","202601","999912",Y,2026-01-08-09.59.00.000000,2026-01-08-09.59.00.000000
17438,"1421","0502",0.99950000,0.99950000,"99.95%","99.95%",Mortgage,PD Band 21,"21","21","202401","999912",Y,2024-01-29-13.42.00.000000,2024-01-29-13.42.00.000000
17541,"1421","0504",0.96420000,0.99950000,"96.42%","99.95%",Total QRRE,PD Band 21,"21","21","202412","202512",N,2025-01-06-13.57.00.000000,2026-01-08-09.59.00.000000
17617,"1421","0507",0.18440000,0.21500000,"18.44%","21.50%",Other Retail,PD Band 21,"21","21","202601","999912",Y,2026-01-08-09.59.00.000000,2026-01-08-09.59.00.000000
17261,"1421","0510",,,,,Residential Mortgage - CMHC Insured,PD Band 21,"21","21","200010","999912",Y,2023-05-29-12.10.00.000000,2023-05-29-12.10.00.000000
17618,"1421","0599",0.19850000,0.23990000,"19.85%","23.99%",No Exposure Class,PD Band 21,"21","21","202601","999912",Y,2026-01-08-09.59.00.000000,2026-01-08-09.59.00.000000
17266,"1422","0501",,,,,Mortgage and HELOC,PD Band 22,"22","22","200010","999912",Y,2023-05-29-12.10.00.000000,2023-05-29-12.10.00.000000
17443,"1422","0502",0.99960000,0.99960000,"99.96%","99.96%",Mortgage,PD Band 22,"22","22","202401","999912",Y,2024-01-29-13.42.00.000000,2024-01-29-13.42.00.000000
17268,"1422","0503",0.99960000,0.99960000,"99.9600%","99.9600%",HELOC,PD Band 22,"22","22","200010","202312",N,2023-05-29-12.10.00.000000,2024-01-29-13.42.00.000000
17271,"1422","0506",,,,,LOC,PD Band 22,"22","22","200010","999912",Y,2023-05-29-12.10.00.000000,2023-05-29-12.10.00.000000
17446,"1422","0507",0.99960000,0.99960000,"99.96%","99.96%",Other Retail,PD Band 22,"22","22","202401","202512",N,2024-01-29-13.42.00.000000,2026-01-08-09.59.00.000000
17449,"1423","0503",0.99970000,0.99970000,"99.97%","99.97%",HELOC,PD Band 23,"23","23","202401","999912",Y,2024-01-29-13.42.00.000000,2024-01-29-13.42.00.000000
17285,"1423","0510",,,,,Residential Mortgage - CMHC Insured,PD Band 23,"23","23","200010","999912",Y,2023-05-29-12.10.00.000000,2023-05-29-12.10.00.000000
17290,"1424","0501",,,,,Mortgage and HELOC,PD Band 24,"24","24","200010","999912",Y,2023-05-29-12.10.00.000000,2023-05-29-12.10.00.000000
17454,"1424","0503",0.99980000,0.99980000,"99.98%","99.98%",HELOC,PD Band 24,"24","24","202401","999912",Y,2024-01-29-13.42.00.000000,2024-01-29-13.42.00.000000
17456,"1424","0507",0.99980000,0.99980000,"99.98%","99.98%",Other Retail,PD Band 24,"24","24","202401","202512",N,2024-01-29-13.42.00.000000,2026-01-08-09.59.00.000000
17302,"1425","0501",,,,,Mortgage and HELOC,PD Band 25,"25","25","200010","999912",Y,2023-05-29-12.10.00.000000,2023-05-29-12.10.00.000000
17312,"1425","0599",0.88460000,0.99990000,"88.4600%","99.9900%",No Exposure Class,PD Band 25,"25","25","200010","202312",N,2023-05-29-12.10.00.000000,2024-01-29-13.42.00.000000
17463,"1426","0502",1.00000000,1.00000000,"100.00%","100.00%",Mortgage,Defaulted - 100%,"26","26","202401","999912",Y,2024-01-29-13.42.00.000000,2024-01-29-13.42.00.000000
17324,"1426","0599",1.00000000,1.00000000,"100.0000%","100.0000%",No Exposure Class,Defaulted - 100%,"26","26","200010","202312",N,2023-05-29-12.10.00.000000,2024-01-29-13.42.00.000000
17329,"1499","0503",-2.00000000,-2.00000000,,,HELOC,No PD Band,,,"200010","999912",Y,2023-05-29-12.10.00.000000,2023-05-29-12.10.00.000000
17334,"1499","0510",,,,,Residential Mortgage - CMHC Insured,No PD Band,,,"200010","999912",Y,2023-05-29-12.10.00.000000,2023-05-29-12.10.00.000000
17336,"1499","0512",,,,,Residential Mortgage - Non-Insured,No PD Band,,,"200010","999912",Y,2023-05-29-12.10.00.000000,2023-05-29-12.10.00.000000
